word_id,word_content,page_num,group_id
1,chance,10,1
2,date,10,1
3,department,10,1
4,even,10,1
5,fat,10,1
6,huge,10,1
7,shape,10,1
8,count,11,1
9,discover,11,1
10,market,11,1
11,meal,11,1
12,mistake,11,1
13,save,11,1
14,shut,11,1
15,blow,12,1
16,plant,12,1
17,quarter,12,1
18,return,12,1
19,rule,12,1
20,sign,12,1
21,taste,12,1
22,train,12,1
23,chief,13,1
24,dangerous,13,1
25,empty,13,1
26,level,13,1
27,neighbor,13,1
28,pool,13,1
29,post,13,1
30,quiet,13,1
31,shine,13,1
32,delicious,14,1
33,flat,14,1
34,list,14,1
35,order,14,1
36,proud,14,1
37,rise,14,1
38,square,14,1
39,wise,14,1
40,excuse,15,1
41,gas,15,1
42,go,15,1
43,hobby,15,1
44,memo,15,1
45,shake,15,1
46,skin,15,1
47,smell,15,1
48,fast,16,1
49,interest,16,1
50,join,16,1
51,land,16,1
52,laugh,16,1
53,matter,16,1
54,record,16,1
55,block,17,1
56,citizen,17,1
57,coast,17,1
58,familiar,17,1
59,flow,17,1
60,intelligent,17,1
61,labor,17,1
62,official,17,1
63,quiz,17,1
64,sort,17,1
65,board,18,1
66,drill,18,1
67,nation,18,1
68,present,18,1
69,probably,18,1
70,pupil,18,1
71,subject,18,1
72,attention,19,1
73,beauty,19,1
74,follow,19,1
75,hide,19,1
76,local,19,1
77,possibility,19,1
78,private,19,1
79,tool,19,1
80,branch,20,1
81,coach,20,1
82,disappear,20,1
83,discount,20,1
84,normal,20,1
85,repeat,20,1
86,bend,21,1
87,curve,21,1
88,example,21,1
89,garage,21,1
90,peaceful,21,1
91,reasonable,21,1
92,shock,21,1
93,succeed,21,1
94,successful,21,1
95,balance,22,1
96,gentle,22,1
97,grammar,22,1
98,hire,22,1
99,own,22,1
100,pain,22,1
101,precious,22,1
102,cycle,23,1
103,planet,23,1
104,warning,23,1
105,charge,24,1
106,charity,24,1
107,duty,24,1
108,fault,24,1
109,float,24,1
110,lie,24,1
111,method,24,1
112,proper,24,1
113,style,24,1
114,arrange,25,1
115,battle,25,1
116,destroy,25,1
117,lift,25,1
118,proof,25,1
119,puzzle,25,1
120,solid,25,1
121,waste,25,1
122,bright,26,1
123,correct,26,1
124,practical,26,1
125,produce,26,1
126,report,26,1
127,standard,26,1
128,capacity,27,1
129,electricity,27,1
130,equal,27,1
131,fuel,27,1
132,gather,27,1
133,lock,27,1
134,spirit,27,1
135,track,27,1
136,backward,28,1
137,firm,28,1
138,furniture,28,1
139,mass,28,1
140,priest,28,1
141,provide,28,1
142,responsible,28,1
143,weight,28,1
144,felony,29,1
145,malady,29,1
146,rough,29,1
147,scream,29,1
148,sight,29,1
149,tail,29,1
150,educate,30,1
151,figure,30,1
152,heat,30,1
153,package,30,1
154,positive,30,1
155,result,30,1
156,stair,30,1
157,vote,30,1
158,bit,31,1
159,comfortable,31,1
160,policy,31,1
161,position,31,1
162,problem,31,1
163,purpose,31,1
164,similar,31,1
165,suffer,31,1
166,contain,32,1
167,crew,32,1
168,depth,32,1
169,freedom,32,1
170,gracious,32,1
171,industry,32,1
172,remain,32,1
173,salary,32,1
174,choice,33,1
175,completely,33,1
176,limit,33,1
177,load,33,1
178,material,33,1
179,passenger,33,1
180,process,33,1
181,trade,33,1
182,basic,34,1
183,escape,34,1
184,experience,34,1
185,freeze,34,1
186,immediately,34,1
187,noisy,34,1
188,pleasant,34,1
189,raise,34,1
190,burn,35,1
191,direct,35,1
192,force,35,1
193,nature,35,1
194,object,35,1
195,raw,35,1
196,respect,35,1
197,share,35,1
198,content,36,1
199,nervous,36,1
200,permit,36,1
201,spread,36,1
202,stretch,36,1
203,stupid,36,1
204,damage,37,1
205,exaggerate,37,1
206,praise,37,1
207,trust,37,1
208,ability,38,2
209,activity,38,2
210,advise,38,2
211,cast,38,2
212,cast a vote,38,2
213,check,38,2
214,habit,38,2
215,pardon,38,2
216,project,38,2
217,prove,38,2
218,support,38,2
219,augment,39,2
220,defend,39,2
221,examine,39,2
222,hang,39,2
223,particular,39,2
224,traffic,39,2
225,common,40,2
226,compare,40,2
227,demand,40,2
228,district,40,2
229,fix,40,2
230,formal,40,2
231,state,40,2
232,supply,40,2
233,born,41,2
234,design,41,2
235,dust,41,2
236,fair,41,2
237,host,41,2
238,merry,41,2
239,realize,41,2
240,request,41,2
241,browse,42,2
242,brush,42,2
243,discuss,42,2
244,hunt,42,2
245,prison,42,2
246,sentence,42,2
247,serious,42,2
248,silly,42,2
249,approach,43,2
250,fear,43,2
251,grateful,43,2
252,invitation,43,2
253,peak,43,2
254,sink,43,2
255,struggle,43,2
256,tip,43,2
257,bow,44,2
258,flight,44,2
259,illness,44,2
260,offer,44,2
261,prize,44,2
262,regard,44,2
263,repair,44,2
264,steel,44,2
265,agency,45,2
266,awful,45,2
267,birth,45,2
268,control,45,2
269,safety,45,2
270,spare,45,2
271,value,45,2
272,view,45,2
273,brilliant,46,2
274,festival,46,2
275,mud,46,2
276,pray,46,2
277,protect,46,2
278,route,46,2
279,scientific,46,2
280,spot,46,2
281,bottom,47,2
282,economy,47,2
283,lack,47,2
284,profit,47,2
285,rumor,47,2
286,slide,47,2
287,wipe,47,2
288,court,48,2
289,fare,48,2
290,form,48,2
291,fortunate,48,2
292,law,48,2
293,navy,48,2
294,nod,48,2
295,progress,48,2
296,abroad,49,2
297,bear,49,2
298,beat,49,2
299,claim,49,2
300,mate,49,2
301,program,49,2
302,smooth,49,2
303,crash,50,2
304,desert,50,2
305,former,50,2
306,manner,50,2
307,role,50,2
308,term,50,2
309,thirsty,50,2
310,distant,51,2
311,medical,51,2
312,service,51,2
313,social,51,2
314,breathe,52,2
315,general,52,2
316,owe,52,2
317,personal,52,2
318,polish,52,2
319,press,52,2
320,stream,52,2
321,bill,53,2
322,degree,53,2
323,detail,53,2
324,improve,53,2
325,measure,53,2
326,neat,53,2
327,polite,53,2
328,public,53,2
329,develop,54,2
330,exactly,54,2
331,fashion,54,2
332,feed,54,2
333,nephew,54,2
334,path,54,2
335,plague,54,2
336,steal,54,2
337,custom,55,2
338,deal,55,2
339,effort,55,2
340,gain,55,2
341,height,55,2
342,niece,55,2
343,reserve,55,2
344,stuff,55,2
345,earn,56,2
346,forgive,56,2
347,rate,56,2
348,remove,56,2
349,secretary,56,2
350,shade,56,2
351,valuable,56,2
352,wealth,56,2
353,afterward,57,2
354,decision,57,2
355,dig,57,2
356,lonely,57,2
357,melt,57,2
358,opinion,57,2
359,pause,57,2
360,separate,57,2
361,blame,58,2
362,brave,58,2
363,difficulty,58,2
364,handle,58,2
365,pack,58,2
366,perform,58,2
367,pour,58,2
368,prepare,58,2
369,affect,59,2
370,customer,59,2
371,effect,59,2
372,harbor,59,2
373,principal,59,2
374,rush,59,2
375,strike,59,2
376,theory,59,2
377,worth,59,2
378,application,60,2
379,beg,60,2
380,distribution,60,2
381,exchange,60,2
382,housing,60,2
383,lag,60,2
384,merit,60,2
385,slightly,60,2
386,fee,61,2
387,fur,61,2
388,profession,61,2
389,property,61,2
390,scale,61,2
391,blank,62,2
392,chairman,62,2
393,obvious,62,2
394,pressure,62,2
395,relationship,62,2
396,statement,62,2
397,stress,62,2
398,tend,62,2
399,belief,63,2
400,border,63,2
401,criminal,63,2
402,essay,63,2
403,frank,63,2
404,glance,63,2
405,ray,63,2
406,available,64,2
407,bargain,64,2
408,honor,64,2
409,industrial,64,2
410,link,64,2
411,major,64,2
412,minor,64,2
413,trap,64,2
414,bold,65,2
415,issue,65,2
416,revolution,65,2
417,bury,66,3
418,considerate,66,3
419,growth,66,3
420,leisure,66,3
421,management,66,3
422,structure,66,3
423,unique,66,3
424,vehicle,66,3
425,absence,67,3
426,appointment,67,3
427,bunch,67,3
428,channel,67,3
429,entire,67,3
430,neglect,67,3
431,option,67,3
432,political,67,3
433,setting,67,3
434,appeal,68,3
435,goods,68,3
436,hint,68,3
437,indeed,68,3
438,individual,68,3
439,overnight,68,3
440,shy,68,3
441,swear,68,3
442,according,69,3
443,analysis,69,3
444,convenient,69,3
445,explore,69,3
446,gradually,69,3
447,instrument,69,3
448,remind,69,3
449,require,69,3
450,automatic,70,3
451,entertain,70,3
452,flash,70,3
453,fleeting,70,3
454,pace,70,3
455,rare,70,3
456,recognize,70,3
457,rely,70,3
458,conduct,71,3
459,crush,71,3
460,dismiss,71,3
461,feature,71,3
462,physical,71,3
463,release,71,3
464,ruin,71,3
465,traditional,71,3
466,calm,72,3
467,patch,72,3
468,regulate,72,3
469,regulation,72,3
470,security,72,3
471,split,72,3
472,technical,72,3
473,temper,72,3
474,translate,72,3
475,creature,73,3
476,ease,73,3
477,elect,73,3
478,financial,73,3
479,justice,73,3
480,mainly,73,3
481,pity,73,3
482,widely,73,3
483,authority,74,3
484,dawn,74,3
485,democracy,74,3
486,encourage,74,3
487,pale,74,3
488,sensible,74,3
489,weep,74,3
490,advantage,75,3
491,complaint,75,3
492,costume,75,3
493,crack,75,3
494,description,75,3
495,religion,75,3
496,weapon,75,3
497,yell,75,3
498,adopt,76,3
499,agreement,76,3
500,decay,76,3
501,device,76,3
502,horrible,76,3
503,punishment,76,3
504,slope,76,3
505,spin,76,3
506,trend,76,3
507,confirm,77,3
508,informal,77,3
509,parcel,77,3
510,sour,77,3
511,sufficient,77,3
512,suppose,77,3
513,surface,77,3
514,argument,78,3
515,bullet,78,3
516,foundation,78,3
517,mysterious,78,3
518,offense,78,3
519,proportion,78,3
520,proposal,78,3
521,sum,78,3
522,sunspot,78,3
523,merchant,79,3
524,sore,79,3
525,steady,79,3
526,basis,80,3
527,celebrate,80,3
528,engineering,80,3
529,generation,80,3
530,humor,80,3
531,instant,80,3
532,principle,80,3
533,stock,80,3
534,alike,81,3
535,article,81,3
536,chart,81,3
537,dramatic,81,3
538,ideal,81,3
539,retire,81,3
540,upset,81,3
541,wage,81,3
542,accompany,82,3
543,average,82,3
544,client,82,3
545,contact,82,3
546,export,82,3
547,keen,82,3
548,missing,82,3
549,respond,82,3
550,chin,83,3
551,compact,83,3
552,expense,83,3
553,legal,83,3
554,spoil,83,3
555,survive,83,3
556,toast,83,3
557,trial,83,3
558,benefit,84,3
559,chemical,84,3
560,exception,84,3
561,geography,84,3
562,naked,84,3
563,opportunity,84,3
564,stiff,84,3
565,typical,84,3
566,additional,85,3
567,background,85,3
568,careless,85,3
569,complex,85,3
570,rob,85,3
571,strict,85,3
572,whistle,85,3
573,committee,86,3
574,credit,86,3
575,employment,86,3
576,muscle,86,3
577,oppose,86,3
578,research,86,3
579,specific,86,3
580,temporary,86,3
581,insurance,87,3
582,lecture,87,3
583,quality,87,3
584,replace,87,3
585,schedule,87,3
586,senior,87,3
587,sensitive,87,3
588,basement,88,3
589,bet,88,3
590,canal,88,3
591,chase,88,3
592,conjecture,88,3
593,effective,88,3
594,handy,88,3
595,lightning,88,3
596,simply,88,3
597,achieve,89,3
598,dull,89,3
599,income,89,3
600,motion,89,3
601,pose,89,3
602,sharply,89,3
603,sincere,89,3
604,eager,90,3
605,function,90,3
606,impact,90,3
607,journal,90,3
608,lean,90,3
609,mental,90,3
610,moral,90,3
611,store,90,3
612,continent,91,3
613,flock,91,3
614,lane,91,3
615,last,91,3
616,ordinary,91,3
617,patience,91,3
618,seed,91,3
619,smart,91,3
620,attractive,92,3
621,breed,92,3
622,failure,92,3
623,index,92,3
624,modern,92,3
625,rude,92,3
626,transfer,92,3
627,contract,93,4
628,sigh,93,4
629,bare,94,4
630,commercial,94,4
631,display,94,4
632,element,94,4
633,luggage,94,4
634,range,94,4
635,reward,94,4
636,staff,94,4
637,composition,95,4
638,experiment,95,4
639,loss,95,4
640,recommend,95,4
641,rival,95,4
642,search,95,4
643,stroke,95,4
644,tap,95,4
645,ceiling,96,4
646,decrease,96,4
647,increase,96,4
648,merely,96,4
649,receipt,96,4
650,reduce,96,4
651,soil,96,4
652,speech,96,4
653,vast,96,4
654,announcement,97,4
655,cheerful,97,4
656,conscious,97,4
657,domestic,97,4
658,frighten,97,4
659,loose,97,4
660,observation,97,4
661,casual,98,4
662,concern,98,4
663,confidence,98,4
664,fond,98,4
665,maintain,98,4
666,relate,98,4
667,turn,98,4
668,twist,98,4
669,determine,99,4
670,environment,99,4
671,establish,99,4
672,media,99,4
673,screen,99,4
674,sweep,99,4
675,sympathy,99,4
676,toss,99,4
677,bitter,100,4
678,book,100,4
679,ceremony,100,4
680,file,100,4
681,population,100,4
682,quarrel,100,4
683,rub,100,4
684,sample,100,4
685,absolute,101,4
686,attempt,101,4
687,avow,101,4
688,closely,101,4
689,folk,101,4
690,funeral,101,4
691,reject,101,4
692,tale,101,4
693,community,102,4
694,global,102,4
695,ignore,102,4
696,negative,102,4
697,relative,102,4
698,suggestion,102,4
699,vague,102,4
700,volume,102,4
701,diet,103,4
702,frame,103,4
703,lawn,103,4
704,production,103,4
705,sales,103,4
706,somewhat,103,4
707,victim,103,4
708,aid,104,4
709,ashamed,104,4
710,explanation,104,4
711,means,104,4
712,odd,104,4
713,operation,104,4
714,reform,104,4
715,threaten,104,4
716,access,105,4
717,gradient,105,4
718,loan,105,4
719,majority,105,4
720,part-time,105,4
721,selfish,105,4
722,status,105,4
723,visual,105,4
724,baggage,106,4
725,crop,106,4
726,delay,106,4
727,glue,106,4
728,seek,106,4
729,settle,106,4
730,surround,106,4
731,union,106,4
732,fund,107,4
733,gossip,107,4
734,conclude,108,4
735,craft,108,4
736,discipline,108,4
737,emotional,108,4
738,occupation,108,4
739,recall,108,4
740,seize,108,4
741,so-called,108,4
742,career,109,4
743,chill,109,4
744,dynamic,109,4
745,fate,109,4
746,resource,109,4
747,scarcely,109,4
748,scheme,109,4
749,skillful,109,4
750,token,109,4
751,drag,110,4
752,drain,110,4
753,encounter,110,4
754,engagement,110,4
755,focus,110,4
756,outcome,110,4
757,precise,110,4
758,shield,110,4
759,bother,111,4
760,fade,111,4
761,overcome,111,4
762,overlook,111,4
763,procedure,111,4
764,pursue,111,4
765,species,111,4
766,alien,112,4
767,burp,112,4
768,cable,112,4
769,chew,112,4
770,curiosity,112,4
771,manufacture,112,4
772,tame,112,4
773,tide,112,4
774,accomplish,113,4
775,alternative,113,4
776,amaze,113,4
777,basin,113,4
778,interval,113,4
779,triple,113,4
780,voyage,113,4
781,wildlife,113,4
782,decorate,114,4
783,emergency,114,4
784,involve,114,4
785,monitor,114,4
786,overseas,114,4
787,poverty,114,4
788,purchase,114,4
789,rear,114,4
790,appetite,115,4
791,captivity,115,4
792,current,115,4
793,liquid,115,4
794,nap,115,4
795,shipment,115,4
796,shortly,115,4
797,solution,115,4
798,annual,116,4
799,parallel,116,4
800,radical,116,4
801,realistic,116,4
802,scratch,116,4
803,squeeze,116,4
804,capability,117,4
805,corporation,117,4
806,demonstrate,117,4
807,frontier,117,4
808,hesitate,117,4
809,magical,117,4
810,mechanical,117,4
811,readily,117,4
812,absorb,118,4
813,behavior,118,4
814,betray,118,4
815,bud,118,4
816,dependent,118,4
817,peculiar,118,4
818,substance,118,4
819,upright,118,4
820,calculate,119,4
821,conflict,119,4
822,estimate,119,4
823,inherit,119,4
824,justify,119,4
825,limb,119,4
826,multiplication,119,4
827,multiply,119,4
828,vary,119,4
829,brief,120,4
830,collapse,120,4
831,logical,120,4
832,notion,120,4
833,origin,120,4
834,outstanding,120,4
835,pronounce,120,4
836,sin,120,4
837,accord,121,4
838,prolong,121,4
839,anxiety,122,5
840,characteristic,122,5
841,deadly,122,5
842,hidden,122,5
843,pinpoint,122,5
844,pit,122,5
845,treatment,122,5
846,unite,122,5
847,universal,122,5
848,weed,122,5
849,brand-new,123,5
850,cabin,123,5
851,era,123,5
852,glow,123,5
853,indicate,123,5
854,leap,123,5
855,portion,123,5
856,spectacle,123,5
857,complicated,124,5
858,council,124,5
859,essential,124,5
860,exhibit,124,5
861,faithful,124,5
862,household,124,5
863,illusion,124,5
864,shallow,124,5
865,shift,124,5
866,territory,124,5
867,antique,125,5
868,digest,125,5
869,exceed,125,5
870,extraordinary,125,5
871,graduate,125,5
872,hollow,125,5
873,preach,125,5
874,site,125,5
875,vessel,125,5
876,acquaintance,126,5
877,blend,126,5
878,commission,126,5
879,greedy,126,5
880,guarantee,126,5
881,literary,126,5
882,potential,126,5
883,reverse,126,5
884,barrel,127,5
885,concentrate,127,5
886,heal,127,5
887,intense,127,5
888,mend,127,5
889,scenery,127,5
890,slim,127,5
891,smash,127,5
892,aspect,128,5
893,bond,128,5
894,flame,128,5
895,invent,128,5
896,investment,128,5
897,invisible,128,5
898,rage,128,5
899,yield,128,5
900,confess,129,5
901,delivery,129,5
902,envy,129,5
903,fatal,129,5
904,grip,129,5
905,harsh,129,5
906,rescue,129,5
907,resist,129,5
908,sponsor,129,5
909,adapt,130,5
910,agriculture,130,5
911,appreciate,130,5
912,budget,130,5
913,dive,130,5
914,gross,130,5
915,guidance,130,5
916,pioneer,130,5
917,artificial,131,5
918,campaign,131,5
919,declare,131,5
920,dip,131,5
921,emphasis,131,5
922,log,131,5
923,outline,131,5
924,retain,131,5
925,scholarship,131,5
926,definition,132,5
927,expose,132,5
928,fiasco,132,5
929,occasionally,132,5
930,postpone,132,5
931,tension,132,5
932,tribe,132,5
933,welfare,132,5
934,command,133,5
935,cultural,133,5
936,eventually,133,5
937,grapple,133,5
938,grasp,133,5
939,hop,133,5
940,knot,133,5
941,whisper,133,5
942,blade,134,5
943,congress,134,5
944,division,134,5
945,persuade,134,5
946,region,134,5
947,skip,134,5
948,stare,134,5
949,tomb,134,5
950,convince,135,5
951,venture,135,5
952,weave,135,5
953,intent,136,5
954,layer,136,5
955,marvelous,136,5
956,nasty,136,5
957,possession,136,5
958,reputation,136,5
959,tender,136,5
960,uncomfortable,136,5
961,alter,137,5
962,ascend,137,5
963,code,137,5
964,descend,137,5
965,enable,137,5
966,flesh,137,5
967,humble,137,5
968,lobby,137,5
969,component,138,5
970,contrast,138,5
971,critical,138,5
972,delicate,138,5
973,manual,138,5
974,peasant,138,5
975,reef,138,5
976,reference,138,5
977,snap,138,5
978,ambition,139,5
979,ancient,139,5
980,cave,139,5
981,conscience,139,5
982,consist,139,5
983,factor,139,5
984,preserve,139,5
985,unfortunately,139,5
986,adjust,140,5
987,admission,140,5
988,crawl,140,5
989,differ,140,5
990,enclose,140,5
991,feel,140,5
992,flee,140,5
993,trail,140,5
994,whip,140,5
995,aboard,141,5
996,faint,141,5
997,genius,141,5
998,independence,141,5
999,inevitable,141,5
1000,minute,141,5
1001,wander,141,5
1002,clap,142,5
1003,discourage,142,5
1004,enthusiastic,142,5
1005,incident,142,5
1006,reception,142,5
1007,resolve,142,5
1008,scold,142,5
1009,trace,142,5
1010,bloom,143,5
1011,cheat,143,5
1012,debt,143,5
1013,existence,143,5
1014,expectation,143,5
1015,extreme,143,5
1016,monument,143,5
1017,starve,143,5
1018,abuse,144,6
1019,constant,144,6
1020,drift,144,6
1021,overall,144,6
1022,passive,144,6
1023,rural,144,6
1024,tendency,144,6
1025,breeze,145,6
1026,external,145,6
1027,harmful,145,6
1028,instinct,145,6
1029,landscape,145,6
1030,pollution,145,6
1031,resemble,145,6
1032,spill,145,6
1033,compound,146,6
1034,definite,146,6
1035,mode,146,6
1036,mutual,146,6
1037,recovery,146,6
1038,surrender,146,6
1039,task,146,6
1040,vanish,146,6
1041,coward,147,6
1042,deceive,147,6
1043,depart,147,6
1044,idle,147,6
1045,infant,147,6
1046,miserable,147,6
1047,severe,147,6
1048,steep,147,6
1049,amuse,148,6
1050,blossom,148,6
1051,context,148,6
1052,imitate,148,6
1053,immense,148,6
1054,revenge,148,6
1055,splendid,148,6
1056,calamity,149,6
1057,livestock,149,6
1058,orchard,149,6
1059,resort,149,6
1060,sector,149,6
1061,vertical,149,6
1062,deed,150,6
1063,beam,152,6
1064,desirable,152,6
1065,gulf,152,6
1066,launch,152,6
1067,obtain,152,6
1068,output,152,6
1069,urge,152,6
1070,chaotic,153,6
1071,illegal,153,6
1072,internal,153,6
1073,interrupt,153,6
1074,latter,153,6
1075,medium,153,6
1076,primary,153,6
1077,representative,153,6
1078,virtue,153,6
1079,approval,154,6
1080,assure,154,6
1081,dash,154,6
1082,fold,154,6
1083,physician,154,6
1084,promote,154,6
1085,reveal,154,6
1086,draft,155,6
1087,estate,155,6
1088,harvest,155,6
1089,penalty,155,6
1090,primitive,155,6
1091,summit,155,6
1092,survey,155,6
1093,tear,155,6
1094,boundary,156,6
1095,construction,156,6
1096,disagree,156,6
1097,extent,156,6
1098,forfeit,156,6
1099,injure,156,6
1100,triumph,156,6
1101,breadth,157,6
1102,circumstance,157,6
1103,convention,157,6
1104,enterprise,157,6
1105,fundamental,157,6
1106,insult,157,6
1107,publication,157,6
1108,Transportation,157,6
1109,width,157,6
1110,athletic,158,6
1111,extension,158,6
1112,fame,158,6
1113,liberal,158,6
1114,obedient,158,6
1115,poisonous,158,6
1116,privilege,158,6
1117,scare,158,6
1118,apologize,159,6
1119,civil,159,6
1120,efficient,159,6
1121,guilt,159,6
1122,impressive,159,6
1123,remarkable,159,6
1124,significant,159,6
1125,submit,159,6
1126,bequeath,160,6
1127,deposit,160,6
1128,destination,160,6
1129,grief,160,6
1130,interior,160,6
1131,obey,160,6
1132,panic,160,6
1133,prevent,160,6
1134,previously,160,6
1135,atmosphere,161,6
1136,disaster,161,6
1137,fasten,161,6
1138,hatred,161,6
1139,packet,161,6
1140,postal,161,6
1141,restore,161,6
1142,wilderness,161,6
1143,impulse,162,6
1144,initial,162,6
1145,modest,162,6
1146,movement,162,6
1147,quit,162,6
1148,shortage,162,6
1149,stall,162,6
1150,visible,162,6
1151,beloved,163,6
1152,bleed,163,6
1153,circuit,163,6
1154,cooperation,163,6
1155,heroic,163,6
1156,panel,163,6
1157,residence,163,6
1158,wisdom,163,6
1159,assist,164,6
1160,associate,164,6
1161,ban,164,6
1162,elderly,164,6
1163,govern,164,6
1164,investigate,164,6
1165,quantity,164,6
1166,thrill,164,6
1167,uncertain,164,6
1168,explode,165,6
1169,saw,165,6
1170,scent,165,6
1171,thermal,165,6
1172,tutor,165,6
1173,appropriate,166,7
1174,award,166,7
1175,conquer,166,7
1176,decline,166,7
1177,impose,166,7
1178,mercy,166,7
1179,plot,166,7
1180,strain,166,7
1181,apt,167,7
1182,contrary,167,7
1183,dissolve,167,7
1184,enjoyment,167,7
1185,locate,167,7
1186,mature,167,7
1187,negotiate,167,7
1188,philosophy,167,7
1189,assert,168,7
1190,assume,168,7
1191,breakdown,168,7
1192,decade,168,7
1193,disadvantage,168,7
1194,endure,168,7
1195,sacrifice,168,7
1196,shelter,168,7
1197,bite,169,7
1198,emerge,169,7
1199,forecast,169,7
1200,historical,169,7
1201,intellectual,169,7
1202,interfere,169,7
1203,scatter,169,7
1204,volunteer,169,7
1205,abstract,170,7
1206,burden,170,7
1207,column,170,7
1208,contribution,170,7
1209,innocent,170,7
1210,minority,170,7
1211,session,170,7
1212,challenging,171,7
1213,crisis,171,7
1214,disguise,171,7
1215,near,171,7
1216,peel,171,7
1217,plunge,171,7
1218,promising,171,7
1219,provision,171,7
1220,bug,172,7
1221,consensus,172,7
1222,consequently,172,7
1223,inflation,172,7
1224,renew,172,7
1225,sparkle,172,7
1226,utterly,172,7
1227,dispute,173,7
1228,isolated,173,7
1229,menace,173,7
1230,racial,173,7
1231,rational,173,7
1232,recipe,173,7
1233,soar,173,7
1234,unemployment,173,7
1235,acute,174,7
1236,inferior,174,7
1237,profile,174,7
1238,sacred,174,7
1239,superior,174,7
1240,undergo,174,7
1241,undertake,174,7
1242,accustomed,175,7
1243,dim,175,7
1244,dominant,175,7
1245,expansion,175,7
1246,passionate,175,7
1247,ridiculous,175,7
1248,startle,175,7
1249,suspicious,175,7
1250,alliance,176,7
1251,colleague,176,7
1252,cope,176,7
1253,divorce,176,7
1254,frequency,176,7
1255,furnish,176,7
1256,heir,176,7
1257,objective,176,7
1258,cereal,177,7
1259,federal,177,7
1260,hug,177,7
1261,lick,177,7
1262,myth,177,7
1263,stimulate,177,7
1264,thoughtful,177,7
1265,vow,177,7
1266,concept,178,7
1267,conservation,178,7
1268,horizontal,178,7
1269,portray,178,7
1270,prominent,178,7
1271,provincial,178,7
1272,restrict,178,7
1273,spectator,178,7
1274,crucial,179,7
1275,grind,179,7
1276,heed,179,7
1277,patent,179,7
1278,blaze,180,7
1279,contemporary,180,7
1280,dispose,180,7
1281,genuine,180,7
1282,multiple,180,7
1283,naked eye,180,7
1284,neutral,180,7
1285,sand,180,7
1286,throne,180,7
1287,unexpectedly,180,7
1288,brim,181,7
1289,consumption,181,7
1290,continuous,181,7
1291,dare,181,7
1292,daring,181,7
1293,expedition,181,7
1294,illiterate,181,7
1295,outlook,181,7
1296,sphere,181,7
1297,tempt,181,7
1298,aggressive,182,7
1299,legend,182,7
1300,maize,182,7
1301,plural,182,7
1302,proverb,182,7
1303,singular,182,7
1304,slender,182,7
1305,unit,182,7
1306,candid,183,7
1307,cautious,183,7
1308,conceive,183,7
1309,convey,183,7
1310,elementary,183,7
1311,gleam,183,7
1312,omit,183,7
1313,seemingly,183,7
1314,architecture,184,7
1315,confusion,184,7
1316,inspect,184,7
1317,noticeable,184,7
1318,perish,184,7
1319,recruit,184,7
1320,roar,184,7
1321,sneeze,184,7
1322,abundant,185,7
1323,approximately,185,7
1324,ensure,185,7
1325,fierce,185,7
1326,howl,185,7
1327,imperfect,185,7
1328,mixture,185,7
1329,phenomenon,185,7
1330,damp,186,7
1331,margin,186,7
1332,nightmare,186,7
1333,recess,186,7
1334,risky,186,7
1335,supreme,186,7
1336,suspend,186,7
1337,disturb,187,8
1338,incline,187,8
1339,refine,187,8
1340,satisfactory,187,8
1341,slippery,187,8
1342,alert,188,8
1343,elegant,188,8
1344,moderate,188,8
1345,old-fashioned,188,8
1346,stubborn,188,8
1347,substitute,188,8
1348,up-to-date,188,8
1349,withdraw,188,8
1350,aisle,189,8
1351,evaluate,189,8
1352,executive,189,8
1353,famine,189,8
1354,prudent,189,8
1355,strength,189,8
1356,strengthen,189,8
1357,twinkle,189,8
1358,ultimate,189,8
1359,facility,190,8
1360,flatter,190,8
1361,magnificent,190,8
1362,regardless,190,8
1363,remedy,190,8
1364,urban,190,8
1365,wit,190,8
1366,abolish,191,8
1367,assembly,191,8
1368,contempt,191,8
1369,grim,191,8
1370,ornament,191,8
1371,patron,191,8
1372,prescription,191,8
1373,summon,191,8
1374,consent,192,8
1375,currency,192,8
1376,forbid,192,8
1377,pal,192,8
1378,proclaim,192,8
1379,slap,192,8
1380,twilight,192,8
1381,vivid,192,8
1382,conceal,193,8
1383,elastic,193,8
1384,limestone,193,8
1385,phase,193,8
1386,sound,193,8
1387,trifle,193,8
1388,comprehension,194,8
1389,depression,194,8
1390,eternal,194,8
1391,fulfill,194,8
1392,garbage,194,8
1393,plow,194,8
1394,specifically,194,8
1395,stem,194,8
1396,stern,194,8
1397,chat,195,8
1398,civilization,195,8
1399,dense,195,8
1400,garment,195,8
1401,incredible,195,8
1402,overtake,195,8
1403,swift,195,8
1404,utter,195,8
1405,condemn,196,8
1406,consult,196,8
1407,diminish,196,8
1408,guideline,196,8
1409,install,196,8
1410,laboratory,196,8
1411,pump,196,8
1412,punch,196,8
1413,volcano,196,8
1414,annoy,197,8
1415,condense,197,8
1416,condition,197,8
1417,exclaim,197,8
1418,irony,197,8
1419,plain,197,8
1420,prosper,197,8
1421,shrink,197,8
1422,barrier,198,8
1423,brutal,198,8
1424,colony,198,8
1425,exhausted,198,8
1426,glorious,198,8
1427,routine,198,8
1428,sprinkle,198,8
1429,unusual,198,8
1430,compromise,199,8
1431,gaze,199,8
1432,invade,199,8
1433,invasion,199,8
1434,massive,199,8
1435,piece,199,8
1436,prohibit,199,8
1437,refusal,199,8
1438,reproduce,199,8
1439,transition,199,8
1440,absurd,200,8
1441,doubtful,200,8
1442,earnest,200,8
1443,industrious,200,8
1444,inspiration,200,8
1445,preference,200,8
1446,reluctant,200,8
1447,clue,201,8
1448,core,201,8
1449,deadline,201,8
1450,desperate,201,8
1451,imply,201,8
1452,retreat,201,8
1453,widespread,201,8
1454,agony,202,8
1455,awkward,202,8
1456,cease,202,8
1457,derive,202,8
1458,disorder,202,8
1459,influential,202,8
1460,inhabit,202,8
1461,trim,202,8
1462,anticipate,203,8
1463,cultivate,203,8
1464,distress,203,8
1465,modify,203,8
1466,random,203,8
1467,register,203,8
1468,relieve,203,8
1469,solitude,203,8
1470,somber,203,8
1471,assignment,204,8
1472,barn,204,8
1473,fetch,204,8
1474,flexible,204,8
1475,optimistic,204,8
1476,pessimistic,204,8
1477,react,204,8
1478,shed,204,8
1479,courageous,205,8
1480,despise,205,8
1481,diligent,205,8
1482,immigrant,205,8
1483,rag,205,8
1484,resign,205,8
1485,circular,206,8
1486,disgust,206,8
1487,excessive,206,8
1488,mission,206,8
1489,organism,206,8
1490,revive,206,8
1491,stumble,206,8
1492,abandon,207,8
1493,confine,207,8
1494,implement,207,8
1495,repent,207,8
1496,vapor,207,8
1497,conform,208,9
1498,detect,208,9
1499,fantastic,208,9
1500,guess,208,9
1501,predict,208,9
1502,solely,208,9
1503,sow,208,9
1504,vital,208,9
1505,arithmetic,209,9
1506,attain,209,9
1507,imaginary,209,9
1508,imaginative,209,9
1509,impatient,209,9
1510,opponent,209,9
1511,prejudice,209,9
1512,prompt,209,9
1513,bulk,210,9
1514,concrete,210,9
1515,hasty,210,9
1516,obligation,210,9
1517,onward,210,9
1518,refuge,210,9
1519,tolerate,210,9
1520,astonish,211,9
1521,economics,211,9
1522,game,211,9
1523,gear,211,9
1524,numerous,211,9
1525,resume,211,9
1526,scrap,211,9
1527,suicide,211,9
1528,sustain,211,9
1529,attendant,212,9
1530,bundle,212,9
1531,confront,212,9
1532,dock,212,9
1533,flourish,212,9
1534,punctual,212,9
1535,quote,212,9
1536,transform,212,9
1537,apparatus,213,9
1538,commitment,213,9
1539,competition,213,9
1540,esteem,213,9
1541,favorable,213,9
1542,feast,213,9
1543,grin,213,9
1544,misfortune,213,9
1545,tease,213,9
1546,accommodation,214,9
1547,conviction,214,9
1548,embarrass,214,9
1549,halfway,214,9
1550,halt,214,9
1551,moisture,214,9
1552,penetrate,214,9
1553,strive,214,9
1554,talented,214,9
1555,attribute,215,9
1556,fascinate,215,9
1557,impolite,215,9
1558,irregular,215,9
1559,irritate,215,9
1560,spectacular,215,9
1561,spicy,215,9
1562,trivial,215,9
1563,exclusive,216,9
1564,glimpse,216,9
1565,Inquiry,216,9
1566,obstacle,216,9
1567,ratio,216,9
1568,suppress,216,9
1569,watchful,216,9
1570,ally,217,9
1571,competent,217,9
1572,grill,217,9
1573,international,217,9
1574,interpretation,217,9
1575,pant,217,9
1576,script,217,9
1577,soak,217,9
1578,wrinkle,217,9
1579,accumulate,218,9
1580,cite,218,9
1581,descendant,218,9
1582,insufficient,218,9
1583,nutrition,218,9
1584,reign,218,9
1585,scrape,218,9
1586,sequence,218,9
1587,abruptly,219,9
1588,accusation,219,9
1589,faculty,219,9
1590,foul,219,9
1591,irresponsible,219,9
1592,masterpiece,219,9
1593,pregnant,219,9
1594,preliminary,219,9
1595,acknowledge,220,9
1596,ample,220,9
1597,collective,220,9
1598,dishonest,220,9
1599,maiden,220,9
1600,monopoly,220,9
1601,scramble,220,9
1602,shatter,220,9
1603,timid,220,9
1604,anchor,221,9
1605,marsupial,221,9
1606,non-partisan,221,9
1607,rip,221,9
1608,utmost,221,9
1609,accidentally,222,9
1610,banish,222,9
1611,denial,222,9
1612,explosive,222,9
1613,frustrate,222,9
1614,realm,222,9
1615,theatrical,222,9
1616,vigorous,222,9
1617,abortion,223,9
1618,commodity,223,9
1619,courtesy,223,9
1620,diagram,223,9
1621,dialogue,223,9
1622,epoch,223,9
1623,glisten,223,9
1624,glitter,223,9
1625,overtime,223,9
1626,relevant,223,9
1627,applaud,224,9
1628,donation,224,9
1629,evolve,224,9
1630,leak,224,9
1631,proficient,224,9
1632,reckless,224,9
1633,syllable,224,9
1634,torture,224,9
1635,conference,225,9
1636,denounce,225,9
1637,devoted,225,9
1638,displease,225,9
1639,initiative,225,9
1640,overwhelm,225,9
1641,rebellion,225,9
1642,tackle,225,9
1643,undo,225,9
1644,vocal,225,9
1645,commence,226,9
1646,decent,226,9
1647,endeavor,226,9
1648,fatigue,226,9
1649,framework,226,9
1650,immature,226,9
1651,odor,226,9
1652,vacant,226,9
1653,blast,227,9
1654,bounce,227,9
1655,compel,227,9
1656,compensation,227,9
1657,devise,227,9
1658,hospitality,227,9
1659,minimal,227,9
1660,bribe,228,9
1661,congratulate,228,9
1662,heritage,228,9
1663,monetary,228,9
1664,precaution,228,9
1665,probe,228,9
1666,taxation,228,9
1667,asset,229,10
1668,beforehand,229,10
1669,dreadful,229,10
1670,persistent,229,10
1671,pledge,229,10
1672,systematic,229,10
1673,unfold,229,10
1674,cargo,230,10
1675,compulsory,230,10
1676,glide,230,10
1677,innovation,230,10
1678,riddle,230,10
1679,transaction,230,10
1680,unbearable,230,10
1681,valid,230,10
1682,ideology,231,10
1683,insert,231,10
1684,profound,231,10
1685,provoke,231,10
1686,shameful,231,10
1687,skyscraper,231,10
1688,theft,231,10
1689,corruption,232,10
1690,equivalent,232,10
1691,feeble,232,10
1692,founder,232,10
1693,immortal,232,10
1694,mortal,232,10
1695,span,232,10
1696,tremendous,232,10
1697,unlock,232,10
1698,coarse,233,10
1699,deliberately,233,10
1700,disclose,233,10
1701,insight,233,10
1702,outskirts,233,10
1703,restless,233,10
1704,uneasy,233,10
1705,certificate,234,10
1706,distinctive,234,10
1707,hostile,234,10
1708,microscope,234,10
1709,recreation,234,10
1710,simplicity,234,10
1711,sober,234,10
1712,vicious,234,10
1713,brook,235,10
1714,diverse,235,10
1715,relish,235,10
1716,reparation,235,10
1717,savor,235,10
1718,stale,235,10
1719,alongside,236,10
1720,boom,236,10
1721,caress,236,10
1722,connotation,236,10
1723,discrimination,236,10
1724,intimate,236,10
1725,participant,236,10
1726,shriek,236,10
1727,shrine,236,10
1728,dedicated,237,10
1729,dwelling,237,10
1730,imprison,237,10
1731,nuisance,237,10
1732,orient,237,10
1733,perspective,237,10
1734,plentiful,237,10
1735,rally,237,10
1736,trash,237,10
1737,controversial,238,10
1738,counterpart,238,10
1739,fragment,238,10
1740,haunt,238,10
1741,queue,238,10
1742,ritual,238,10
1743,subtle,238,10
1744,unconscious,238,10
1745,assessment,239,10
1746,compliment,239,10
1747,hardy,239,10
1748,melancholy,239,10
1749,revise,239,10
1750,rigid,239,10
1751,stake,239,10
1752,successive,239,10
1753,swamp,239,10
1754,chamber,240,10
1755,chop,240,10
1756,inflict,240,10
1757,salute,240,10
1758,shiver,240,10
1759,stray,240,10
1760,tenant,240,10
1761,treasury,240,10
1762,worship,240,10
1763,banquet,241,10
1764,cluster,241,10
1765,exploit,241,10
1766,fake,241,10
1767,junk,241,10
1768,render,241,10
1769,rubbish,241,10
1770,violation,241,10
1771,folly,242,10
1772,gorgeous,242,10
1773,ingredient,242,10
1774,premise,242,10
1775,standpoint,242,10
1776,stump,242,10
1777,terrify,242,10
1778,undoubted,242,10
1779,boost,243,10
1780,indifference,243,10
1781,mingle,243,10
1782,offspring,243,10
1783,peril,243,10
1784,prey,243,10
1785,quest,243,10
1786,tourism,243,10
1787,acquisition,244,10
1788,adequate,244,10
1789,curriculum,244,10
1790,dimension,244,10
1791,energetic,244,10
1792,foster,244,10
1793,ridge,244,10
1794,scope,244,10
1795,gasp,245,10
1796,gravity,245,10
1797,multitude,245,10
1798,reap,245,10
1799,remainder,245,10
1800,sophisticated,245,10
1801,storage,245,10
1802,utilize,245,10
1803,canvas,246,10
1804,elaborate,246,10
1805,gem,246,10
1806,generate,246,10
1807,stalk,246,10
1808,strife,246,10
1809,thrust,246,10
1810,worthwhile,246,10
1811,admire,247,10
1812,classify,247,10
1813,dump,247,10
1814,mock,247,10
1815,roam,247,10
1816,supplement,247,10
1817,vanity,247,10
1818,coordinate,248,10
1819,extract,248,10
1820,infinite,248,10
1821,narrative,248,10
1822,nomination,248,10
1823,reliable,248,10
1824,transparent,248,10
1825,formula,249,10
1826,perch,249,10
1827,stability,249,10
1828,sublime,249,10
1829,tactile,249,10
1830,conspiracy,250,11
1831,deficit,250,11
1832,eliminate,250,11
1833,mislead,250,11
1834,motivate,250,11
1835,pillar,250,11
1836,scorn,250,11
1837,surplus,250,11
1838,beneficial,251,11
1839,excel,251,11
1840,excursion,251,11
1841,graze,251,11
1842,obscure,251,11
1843,outbreak,251,11
1844,personnel,251,11
1845,therapy,251,11
1846,ballot,252,11
1847,coincide,252,11
1848,embark,252,11
1849,furious,252,11
1850,outfit,252,11
1851,prestige,252,11
1852,sentimental,252,11
1853,slot,252,11
1854,beverage,253,11
1855,contemplate,253,11
1856,deficiency,253,11
1857,glare,253,11
1858,lofty,253,11
1859,seasoning,253,11
1860,uphold,253,11
1861,agenda,254,11
1862,bait,254,11
1863,bestow,254,11
1864,diploma,254,11
1865,monotonous,254,11
1866,overturn,254,11
1867,parameter,254,11
1868,prior,254,11
1869,weary,254,11
1870,complement,255,11
1871,enchant,255,11
1872,giggle,255,11
1873,insignificant,255,11
1874,navigate,255,11
1875,prospective,255,11
1876,situate,255,11
1877,threshold,255,11
1878,altitude,256,11
1879,diagnosis,256,11
1880,eccentric,256,11
1881,enforce,256,11
1882,kin,256,11
1883,skim,256,11
1884,stance,256,11
1885,commend,257,11
1886,correspondence,257,11
1887,intact,257,11
1888,regime,257,11
1889,riot,257,11
1890,specimen,257,11
1891,virtually,257,11
1892,census,258,11
1893,divert,258,11
1894,dose,258,11
1895,exert,258,11
1896,indignant,258,11
1897,paralyze,258,11
1898,patriot,258,11
1899,dispatch,259,11
1900,distrust,259,11
1901,domain,259,11
1902,foe,259,11
1903,gigantic,259,11
1904,grain,259,11
1905,nourish,259,11
1906,settler,259,11
1907,spur,259,11
1908,creditor,260,11
1909,identical,260,11
1910,induce,260,11
1911,linger,260,11
1912,mansion,260,11
1913,thrive,260,11
1914,weird,260,11
1915,brisk,261,11
1916,handwriting,261,11
1917,notable,261,11
1918,oath,261,11
1919,occurrence,261,11
1920,pretend,261,11
1921,queer,261,11
1922,raid,261,11
1923,cordial,262,11
1924,criteria,262,11
1925,drastic,262,11
1926,fabric,262,11
1927,feedback,262,11
1928,hairy,262,11
1929,inexperienced,262,11
1930,allege,263,11
1931,amendment,263,11
1932,dune,263,11
1933,leukemia,263,11
1934,liner,263,11
1935,usage,263,11
1936,devour,264,11
1937,discard,264,11
1938,fiery,264,11
1939,grab,264,11
1940,hurl,264,11
1941,perpetual,264,11
1942,tyranny,264,11
1943,waver,264,11
1944,abnormal,265,11
1945,concise,265,11
1946,exile,265,11
1947,invalid,265,11
1948,Jupiter,265,11
1949,landlord,265,11
1950,superb,265,11
1951,superstition,265,11
1952,toil,265,11
1953,arrogant,266,11
1954,bruise,266,11
1955,concede,266,11
1956,corpse,266,11
1957,growl,266,11
1958,subtract,266,11
1959,surpass,266,11
1960,wither,266,11
1961,commonplace,267,11
1962,expertise,267,11
1963,injustice,267,11
1964,magnify,267,11
1965,reconcile,267,11
1966,sip,267,11
1967,tedious,267,11
1968,wholesome,267,11
1969,forsake,268,11
1970,indulge,268,11
1971,inherent,268,11
1972,junction,268,11
1973,rim,268,11
1974,safeguard,268,11
1975,uniformity,268,11
1976,bureaucracy,269,11
1977,contend,269,11
1978,enrich,269,11
1979,freight,269,11
1980,manifest,269,11
1981,squash,269,11
1982,sullen,269,11
1983,unanimous,269,11
1984,desolate,270,11
1985,detach,270,11
1986,distort,270,11
1987,escort,270,11
1988,lapse,270,11
1989,overview,270,11
1990,prevalent,270,11
1991,thesis,270,11
1992,chuckle,271,12
1993,dismal,271,12
1994,doctrine,271,12
1995,incentive,271,12
1996,incessant,271,12
1997,predecessor,271,12
1998,testify,271,12
1999,wreck,271,12
2000,grumble,272,12
2001,inclusive,272,12
2002,knowledgeable,272,12
2003,lease,272,12
2004,reckon,272,12
2005,reverence,272,12
2006,verbal,272,12
2007,catastrophe,273,12
2008,conversion,273,12
2009,fringe,273,12
2010,handout,273,12
2011,humility,273,12
2012,innumerable,273,12
2013,meditation,273,12
2014,recollection,273,12
2015,broadcast,274,12
2016,clinic,274,12
2017,fraud,274,12
2018,inactive,274,12
2019,intrude,274,12
2020,preface,274,12
2021,reinforce,274,12
2022,stapler,274,12
2023,tranquil,274,12
2024,bimonthly,275,12
2025,deserve,275,12
2026,duration,275,12
2027,lengthen,275,12
2028,mute,275,12
2029,rotten,275,12
2030,simultaneous,275,12
2031,sly,275,12
2032,crust,276,12
2033,indispensable,276,12
2034,insane,276,12
2035,peninsula,276,12
2036,refrain,276,12
2037,sorrowful,276,12
2038,utensil,276,12
2039,wretched,276,12
2040,contradict,277,12
2041,dough,277,12
2042,humid,277,12
2043,inconvenience,277,12
2044,ordinance,277,12
2045,saturate,277,12
2046,source,277,12
2047,axis,278,12
2048,broaden,278,12
2049,clarify,278,12
2050,deem,278,12
2051,pedestrian,278,12
2052,perspire,278,12
2053,preside,278,12
2054,subsequent,278,12
2055,tumble,278,12
2056,bias,279,12
2057,burst,279,12
2058,dusk,279,12
2059,edible,279,12
2060,intensive,279,12
2061,pathetic,279,12
2062,summarize,279,12
2063,circulate,280,12
2064,delegate,280,12
2065,dormitory,280,12
2066,improper,280,12
2067,memory,280,12
2068,pebble,280,12
2069,slumber,280,12
2070,adore,281,12
2071,hinder,281,12
2072,legitimate,281,12
2073,linguistic,281,12
2074,male,281,12
2075,misplace,281,12
2076,plump,281,12
2077,temperate,281,12
2078,brochure,282,12
2079,displace,282,12
2080,distract,282,12
2081,intelligible,282,12
2082,obstinate,282,12
2083,oppression,282,12
2084,partake,282,12
2085,static,282,12
2086,blink,283,12
2087,chore,283,12
2088,class,283,12
2089,doom,283,12
2090,elevate,283,12
2091,gloomy,283,12
2092,interaction,283,12
2093,rugged,283,12
2094,slant,283,12
2095,subdue,283,12
2096,expressive,284,12
2097,flap,284,12
2098,ingenious,284,12
2099,monarchy,284,12
2100,propaganda,284,12
2101,ranch,284,12
2102,rotation,284,12
2103,spontaneous,284,12
2104,anonymous,285,12
2105,console,285,12
2106,creek,285,12
2107,embrace,285,12
2108,hypothesis,285,12
2109,lament,285,12
2110,monstrous,285,12
2111,plea,285,12
2112,thaw,285,12
2113,bulletin,286,12
2114,clumsy,286,12
2115,enhance,286,12
2116,friction,286,12
2117,idol,286,12
2118,soothe,286,12
2119,texture,286,12
2120,apprentice,287,12
2121,bankruptcy,287,12
2122,dazzle,287,12
2123,dogmatic,287,12
2124,eminent,287,12
2125,outgoing,287,12
2126,variable,287,12
2127,arouse,288,12
2128,crude,288,12
2129,dismay,288,12
2130,foresee,288,12
2131,forum,288,12
2132,liable,288,12
2133,perplex,288,12
2134,subsidy,288,12
2135,apprehension,289,12
2136,behold,289,12
2137,civic,289,12
2138,exquisite,289,12
2139,illuminate,289,12
2140,juvenile,289,12
2141,shrewd,289,12
2142,transcript,289,12
2143,aboriginal,290,12
2144,assault,290,12
2145,bewilder,290,12
2146,coalition,290,12
2147,propel,290,12
2148,shove,290,12
2149,thrift,290,12
2150,gender,291,12
2151,impede,291,12
2152,lateral,291,12
2153,sniff,291,12
2154,claw,294,13
2155,habitat,294,13
2156,inscription,294,13
2157,merge,294,13
2158,novelty,294,13
2159,scant,294,13
2160,scrub,294,13
2161,serene,294,13
2162,archaic,295,13
2163,discern,295,13
2164,inflexible,295,13
2165,paraphrase,295,13
2166,spouse,295,13
2167,suburban,295,13
2168,transplant,295,13
2169,vulnerable,295,13
2170,allocate,296,13
2171,craze,296,13
2172,eloquent,296,13
2173,extravagant,296,13
2174,humiliation,296,13
2175,interchange,296,13
2176,longing,296,13
2177,negligent,296,13
2178,pragmatic,296,13
2179,compassion,297,13
2180,designate,297,13
2181,devastate,297,13
2182,emigrant,297,13
2183,hypocrisy,297,13
2184,notify,297,13
2185,obsess,297,13
2186,supervision,297,13
2187,aesthetic,298,13
2188,blur,298,13
2189,entangle,298,13
2190,goodwill,298,13
2191,immerse,298,13
2192,nocturnal,298,13
2193,scan,298,13
2194,uplift,298,13
2195,ascribe,299,13
2196,commute,299,13
2197,drawback,299,13
2198,encyclopedia,299,13
2199,fertilizer,299,13
2200,immoral,299,13
2201,strategic,299,13
2202,frantic,300,13
2203,gush,300,13
2204,intricate,300,13
2205,invaluable,300,13
2206,perseverance,300,13
2207,rusty,300,13
2208,solemn,300,13
2209,subordinate,300,13
2210,brink,301,13
2211,depict,301,13
2212,emit,301,13
2213,hierarchy,301,13
2214,inhibit,301,13
2215,quarterly,301,13
2216,sneer,301,13
2217,authentic,302,13
2218,composite,302,13
2219,cram,302,13
2220,disillusion,302,13
2221,integrity,302,13
2222,mobile,302,13
2223,quota,302,13
2224,casualty,303,13
2225,correlation,303,13
2226,discharge,303,13
2227,discontinue,303,13
2228,expire,303,13
2229,narrowly,303,13
2230,pending,303,13
2231,sarcastic,303,13
2232,trait,303,13
2233,accelerate,304,13
2234,buckle,304,13
2235,celebrity,304,13
2236,intercept,304,13
2237,intervene,304,13
2238,likelihood,304,13
2239,speculate,304,13
2240,upgrade,304,13
2241,anguish,305,13
2242,breach,305,13
2243,broker,305,13
2244,captive,305,13
2245,compile,305,13
2246,crusade,305,13
2247,sovereign,305,13
2248,tidy,305,13
2249,brew,306,13
2250,consider,306,13
2251,consolidate,306,13
2252,faction,306,13
2253,hinge,306,13
2254,legacy,306,13
2255,turmoil,306,13
2256,intuition,307,13
2257,mediate,307,13
2258,stroll,307,13
2259,afflict,308,13
2260,cache,308,13
2261,compress,308,13
2262,dispense,308,13
2263,fragile,308,13
2264,introductory,308,13
2265,stamina,308,13
2266,superficial,308,13
2267,tow,308,13
2268,documentation,309,13
2269,impractical,309,13
2270,informative,309,13
2271,irrelevant,309,13
2272,spatial,309,13
2273,stature,309,13
2274,underlying,309,13
2275,yearn,309,13
2276,compute,310,13
2277,delete,310,13
2278,disabled,310,13
2279,exotic,310,13
2280,innate,310,13
2281,prehistoric,310,13
2282,recipient,310,13
2283,advocate,311,13
2284,bleak,311,13
2285,boot,311,13
2286,disrupt,311,13
2287,horrify,311,13
2288,persecute,311,13
2289,redundant,311,13
2290,trigger,311,13
2291,adhere,312,13
2292,inept,312,13
2293,inequality,312,13
2294,luminous,312,13
2295,questionnaire,312,13
2296,stationary,312,13
2297,tug,312,13
2298,withhold,312,13
2299,enlightenment,313,13
2300,eruption,313,13
2301,ignition,313,13
2302,irrational,313,13
2303,offset,313,13
2304,posture,313,13
2305,suffice,313,13
2306,trouble,313,13
2307,abound,314,13
2308,array,314,13
2309,constrain,314,13
2310,defective,314,13
2311,dignity,314,13
2312,inconsistent,314,13
2313,mar,314,13
2314,subside,314,13
2315,affirmative,315,14
2316,collide,315,14
2317,contaminate,315,14
2318,disdain,315,14
2319,endanger,315,14
2320,quake,315,14
2321,smuggle,315,14
2322,sterile,315,14
2323,ascertain,316,14
2324,dilemma,316,14
2325,endowment,316,14
2326,enroll,316,14
2327,landmark,316,14
2328,pharmacy,316,14
2329,treacherous,316,14
2330,aristocrat,317,14
2331,entity,317,14
2332,hostage,317,14
2333,query,317,14
2334,skeleton,317,14
2335,sneak,317,14
2336,sprawl,317,14
2337,widow,317,14
2338,disinterested,318,14
2339,durable,318,14
2340,falter,318,14
2341,harassment,318,14
2342,mob,318,14
2343,rumble,318,14
2344,spacious,318,14
2345,ambiguous,319,14
2346,comply,319,14
2347,conspicuous,319,14
2348,disregard,319,14
2349,lure,319,14
2350,maximize,319,14
2351,minimize,319,14
2352,recede,319,14
2353,adolescent,320,14
2354,bully,320,14
2355,discretion,320,14
2356,explicit,320,14
2357,literal,320,14
2358,ongoing,320,14
2359,repel,320,14
2360,submerge,320,14
2361,appendix,321,14
2362,nonprofit,321,14
2363,qualify,321,14
2364,recount,321,14
2365,shred,321,14
2366,clash,322,14
2367,cosmic,322,14
2368,discredit,322,14
2369,extinct,322,14
2370,germ,322,14
2371,gust,322,14
2372,novice,322,14
2373,astray,323,14
2374,impair,323,14
2375,intimidate,323,14
2376,meager,323,14
2377,mild,323,14
2378,oblivion,323,14
2379,precedent,323,14
2380,spiral,323,14
2381,abbreviate,324,14
2382,adjacent,324,14
2383,coverage,324,14
2384,cuisine,324,14
2385,inescapable,324,14
2386,precarious,324,14
2387,skeptical,324,14
2388,subscribe,324,14
2389,unveil,324,14
2390,contest,325,14
2391,dreary,325,14
2392,infrastructure,325,14
2393,institute,325,14
2394,kindle,325,14
2395,pretext,325,14
2396,deteriorate,326,14
2397,discourse,326,14
2398,haven,326,14
2399,multinational,326,14
2400,native,326,14
2401,periodic,326,14
2402,ponder,326,14
2403,synonym,326,14
2404,undermine,326,14
2405,coherence,327,14
2406,detain,327,14
2407,embody,327,14
2408,incoherent,327,14
2409,intrigue,327,14
2410,overdue,327,14
2411,overt,327,14
2412,rustic,327,14
2413,apathy,328,14
2414,chronic,328,14
2415,copyright,328,14
2416,evaporate,328,14
2417,generic,328,14
2418,obstruct,328,14
2419,phonetic,328,14
2420,swap,328,14
2421,compatible,329,14
2422,evoke,329,14
2423,humane,329,14
2424,imprudent,329,14
2425,incompatible,329,14
2426,syndrome,329,14
2427,aptitude,330,14
2428,collaborate,330,14
2429,cynical,330,14
2430,malfunction,330,14
2431,prototype,330,14
2432,sibling,330,14
2433,carefree,331,14
2434,deceptive,331,14
2435,erroneous,331,14
2436,exempt,331,14
2437,jest,331,14
2438,reservoir,331,14
2439,rigorous,331,14
2440,secular,331,14
2441,censorship,332,14
2442,diverge,332,14
2443,duplicate,332,14
2444,equipment,332,14
2445,evident,332,14
2446,futile,332,14
2447,imperialism,332,14
2448,peek,332,14
2449,unprecedented,332,14
2450,chunk,333,14
2451,digit,333,14
2452,lavish,333,14
2453,lethal,333,14
2454,lucrative,333,14
2455,remnant,333,14
2456,renowned,333,14
2457,tentative,333,14
2458,aggravate,334,14
2459,buck,334,14
2460,morale,334,14
2461,residue,334,14
2462,sanctuary,334,14
2463,tangible,334,14
2464,terminate,334,14
2465,crumble,335,14
2466,enmity,335,14
2467,retrospect,335,14
2468,atypical,336,15
2469,curb,336,15
2470,degenerate,336,15
2471,degrade,336,15
2472,dictate,336,15
2473,dilute,336,15
2474,doze,336,15
2475,insincere,336,15
2476,pry,336,15
2477,radiant,336,15
2478,aquatic,337,15
2479,by-product,337,15
2480,crave,337,15
2481,flaw,337,15
2482,heredity,337,15
2483,maternal,337,15
2484,premature,337,15
2485,vocational,337,15
2486,camouflage,338,15
2487,prone,338,15
2488,retention,338,15
2489,ruthless,338,15
2490,sanction,338,15
2491,tactics,338,15
2492,verify,338,15
2493,bizarre,339,15
2494,devoid,339,15
2495,mistrust,339,15
2496,momentum,339,15
2497,setback,339,15
2498,stifle,339,15
2499,taint,339,15
2500,trickle,339,15
2501,affluent,340,15
2502,complacent,340,15
2503,longevity,340,15
2504,shortcoming,340,15
2505,shun,340,15
2506,stereotype,340,15
2507,vegetation,340,15
2508,archives,341,15
2509,assimilate,341,15
2510,centralize,341,15
2511,dissent,341,15
2512,elucidate,341,15
2513,fluent,341,15
2514,infrequent,341,15
2515,irresistible,341,15
2516,robust,341,15
2517,sinister,341,15
2518,coniferous tree,342,15
2519,discord,342,15
2520,incur,342,15
2521,mediocre,342,15
2522,pervade,342,15
2523,scrutiny,342,15
2524,solicit,342,15
2525,void,342,15
2526,animate,343,15
2527,commemorate,343,15
2528,ghost,343,15
2529,meek,343,15
2530,myriad,343,15
2531,ordeal,343,15
2532,pagan,343,15
2533,villain,343,15
2534,debatable,344,15
2535,dubious,344,15
2536,frugal,344,15
2537,obsolete,344,15
2538,reciprocal,344,15
2539,stirring,344,15
2540,syllabus,344,15
2541,tact,344,15
2542,aloof,345,15
2543,barter,345,15
2544,infuriate,345,15
2545,pinnacle,345,15
2546,redemption,345,15
2547,reunion,345,15
2548,turbulent,345,15
2549,amiable,346,15
2550,defeat,346,15
2551,devalue,346,15
2552,entice,346,15
2553,insecure,346,15
2554,manipulate,346,15
2555,outrageous,346,15
2556,pact,346,15
2557,enormous,347,15
2558,evacuate,347,15
2559,inborn,347,15
2560,insensitive,347,15
2561,intolerant,347,15
2562,oversee,347,15
2563,predominant,347,15
2564,synthetic,347,15
2565,hazardous,348,15
2566,petty,348,15
2567,preoccupation,348,15
2568,protocol,348,15
2569,retrieve,348,15
2570,snug,348,15
2571,speck,348,15
2572,surge,348,15
2573,coexist,349,15
2574,diffuse,349,15
2575,inference,349,15
2576,sturdy,349,15
2577,ailment,350,15
2578,denote,350,15
2579,excerpt,350,15
2580,feat,350,15
2581,maneuver,350,15
2582,stun,350,15
2583,choke,351,15
2584,dispel,351,15
2585,disperse,351,15
2586,enact,351,15
2587,jargon,351,15
2588,momentous,351,15
2589,outright,351,15
2590,abstain,352,15
2591,congested,352,15
2592,feasible,352,15
2593,foresight,352,15
2594,mishap,352,15
2595,overrun,352,15
2596,peripheral,352,15
2597,impending,353,15
2598,loom,353,15
2599,mundane,353,15
2600,onset,353,15
2601,reclaim,353,15
2602,simulate,353,15
2603,underway,353,15
2604,deflect,354,15
2605,emulate,354,15
2606,fabricate,354,15
2607,fruitless,354,15
2608,provisional,354,15
2609,ramble,354,15
2610,trauma,354,15
2611,viable,354,15
2612,amnesty,355,15
2613,antagonist,355,15
2614,bustle,355,15
2615,cancer,355,15
2616,inadvertent,355,15
2617,maritime,355,15
2618,poise,355,15
2619,scribble,355,15
2620,appalling,356,15
2621,courier,356,15
2622,culminate,356,15
2623,demolish,356,15
2624,encompass,356,15
2625,incompetent,356,15
2626,plausible,356,15
2627,preclude,356,15
2628,coax,357,16
2629,concur,357,16
2630,dormant,357,16
2631,dwindle,357,16
2632,imminent,357,16
2633,influx,357,16
2634,marital,357,16
2635,purport,357,16
2636,acclaim,358,16
2637,bolster,358,16
2638,composure,358,16
2639,defer,358,16
2640,eerie,358,16
2641,fret,358,16
2642,infamous,358,16
2643,sprout,358,16
2644,accountable,359,16
2645,categorize,359,16
2646,deploy,359,16
2647,generous,359,16
2648,genial,359,16
2649,improvise,359,16
2650,advent,360,16
2651,dangle,360,16
2652,debris,360,16
2653,forge,360,16
2654,huddle,360,16
2655,mentor,360,16
2656,proximity,360,16
2657,superfluous,360,16
2658,aversion,361,16
2659,discrepancy,361,16
2660,frenzy,361,16
2661,insulate,361,16
2662,invoke,361,16
2663,jeopardize,361,16
2664,mandatory,361,16
2665,migrant,361,16
2666,benevolent,362,16
2667,benign,362,16
2668,eligible,362,16
2669,elude,362,16
2670,empirical,362,16
2671,indigenous,362,16
2672,instability,362,16
2673,invincible,362,16
2674,cavity,363,16
2675,facet,363,16
2676,ludicrous,363,16
2677,paradigm,363,16
2678,paramount,363,16
2679,baffle,364,16
2680,fervor,364,16
2681,hamper,364,16
2682,lull,364,16
2683,pertinent,364,16
2684,televise,364,16
2685,upheaval,364,16
2686,astound,365,16
2687,deduce,365,16
2688,fanatic,365,16
2689,glossary,365,16
2690,martyr,365,16
2691,override,365,16
2692,refuse,365,16
2693,relentless,365,16
2694,adventuresome,366,16
2695,adversary,366,16
2696,besiege,366,16
2697,cognitive,366,16
2698,default,366,16
2699,disintegrate,366,16
2700,havoc,366,16
2701,shimmer,366,16
2702,slick,366,16
2703,aroma,367,16
2704,bland,367,16
2705,configuration,367,16
2706,culprit,367,16
2707,envision,367,16
2708,heave,367,16
2709,overhaul,367,16
2710,audience,368,16
2711,cruel,368,16
2712,delude,368,16
2713,demise,368,16
2714,elicit,368,16
2715,embed,368,16
2716,invariable,368,16
2717,invert,368,16
2718,liaison,368,16
2719,colossal,369,16
2720,flare,369,16
2721,indefinite,369,16
2722,intermediary,369,16
2723,muddle,369,16
2724,rubble,369,16
2725,sluggish,369,16
2726,wary,369,16
2727,amass,370,16
2728,beckon,370,16
2729,blunder,370,16
2730,outcry,370,16
2731,outset,370,16
2732,proponent,370,16
2733,scorch,370,16
2734,volatile,370,16
2735,abide,371,16
2736,affiliate,371,16
2737,allude,371,16
2738,consecutive,371,16
2739,erosion,371,16
2740,figurative,371,16
2741,meticulous,371,16
2742,tangle,371,16
2743,allotment,372,16
2744,ardent,372,16
2745,blackout,372,16
2746,eject,372,16
2747,erratic,372,16
2748,exemplify,372,16
2749,leverage,372,16
2750,stark,372,16
2751,converge,373,16
2752,dismantle,373,16
2753,groove,373,16
2754,procure,373,16
2755,semester,373,16
2756,transcend,373,16
2757,uncompromising,373,16
2758,adept,374,16
2759,articulate,374,16
2760,deceased,374,16
2761,delta,374,16
2762,foremost,374,16
2763,misconception,374,16
2764,strenuous,374,16
2765,transient,374,16
2766,versatile,374,16
2767,arduous,375,16
2768,defiant,375,16
2769,hue,375,16
2770,imperative,375,16
2771,latent,375,16
2772,outburst,375,16
2773,prod,375,16
2774,recurrent,375,16
2775,setup,375,16
2776,construe,376,16
2777,disqualify,376,16
2778,flicker,376,16
2779,numb,376,16
2780,retard,376,16
2781,revert,376,16
2782,uprising,376,16
2783,acquit,377,16
2784,exuberant,377,16
2785,poignant,377,16
2786,anomaly,378,17
2787,condone,378,17
2788,gruesome,378,17
2789,hilarious,378,17
2790,placate,378,17
2791,screech,378,17
2792,subvert,378,17
2793,zealot,378,17
2794,brawl,379,17
2795,confiscate,379,17
2796,fiction,379,17
2797,flinch,379,17
2798,incite,379,17
2799,pivotal,379,17
2800,relocate,379,17
2801,unearth,379,17
2802,deplete,380,17
2803,fervent,380,17
2804,grant,380,17
2805,grudge,380,17
2806,hustle,380,17
2807,proliferate,380,17
2808,replenish,380,17
2809,admonish,381,17
2810,astute,381,17
2811,candor,381,17
2812,curt,381,17
2813,grope,381,17
2814,introspective,381,17
2815,pitfall,381,17
2816,befriend,382,17
2817,drench,382,17
2818,fathom,382,17
2819,flounder,382,17
2820,ghastly,382,17
2821,illicit,382,17
2822,obese,382,17
2823,susceptible,382,17
2824,assortment,383,17
2825,firsthand,383,17
2826,obnoxious,383,17
2827,requisite,383,17
2828,squander,383,17
2829,vigilant,383,17
2830,waive,383,17
2831,blatant,384,17
2832,bogus,384,17
2833,contingent,384,17
2834,downgrade,384,17
2835,grandiose,384,17
2836,palpable,384,17
2837,tally,384,17
2838,terse,384,17
2839,accurate,385,17
2840,genesis,385,17
2841,glut,385,17
2842,hoax,385,17
2843,quadruple,385,17
2844,revoke,385,17
2845,sizable,385,17
2846,tamper,385,17
2847,thorny,385,17
2848,annihilate,386,17
2849,circumvent,386,17
2850,curtail,386,17
2851,inflame,386,17
2852,rampant,386,17
2853,reprimand,386,17
2854,treason,386,17
2855,ultimatum,386,17
2856,burrow,387,17
2857,clutter,387,17
2858,corroborate,387,17
2859,diplomatic,387,17
2860,eclectic,387,17
2861,implant,387,17
2862,unravel,387,17
2863,vibrant,387,17
2864,alleviate,388,17
2865,covert,388,17
2866,disparate,388,17
2867,gloat,388,17
2868,ominous,388,17
2869,peddle,388,17
2870,ubiquitous,388,17
2871,austere,389,17
2872,beguile,389,17
2873,debacle,389,17
2874,fledgling,389,17
2875,hindsight,389,17
2876,homicide,389,17
2877,impromptu,389,17
2878,prolific,389,17
2879,tacit,389,17
2880,counterfeit,390,17
2881,entrench,390,17
2882,infest,390,17
2883,remorse,390,17
2884,renovate,390,17
2885,stockpile,390,17
2886,truce,390,17
2887,autonomy,391,17
2888,duke,391,17
2889,plead,391,17
2890,terrain,391,17
2891,wrath,391,17
2892,abet,392,17
2893,ambivalent,392,17
2894,coalesce,392,17
2895,disparity,392,17
2896,enigma,392,17
2897,imbalance,392,17
2898,inundate,392,17
2899,outspoken,392,17
2900,revamp,392,17
2901,affordable,393,17
2902,avid,393,17
2903,Capitol,393,17
2904,demographic,393,17
2905,divulge,393,17
2906,hefty,393,17
2907,infusion,393,17
2908,retail,393,17
2909,retaliation,393,17
2910,brash,394,17
2911,extol,394,17
2912,feud,394,17
2913,gnaw,394,17
2914,languish,394,17
2915,predicament,394,17
2916,relinquish,394,17
2917,salvage,394,17
2918,savage,394,17
2919,affront,395,17
2920,appease,395,17
2921,dissect,395,17
2922,empathy,395,17
2923,endorse,395,17
2924,irreversible,395,17
2925,perimeter,395,17
2926,abject,396,17
2927,clandestine,396,17
2928,hegemony,396,17
2929,hoist,396,17
2930,intangible,396,17
2931,letdown,396,17
2932,rudimentary,396,17
2933,sporadic,396,17
2934,agile,397,17
2935,capitulate,397,17
2936,flimsy,397,17
2937,forest,397,17
2938,impartial,397,17
2939,increment,397,17
2940,insolvent,397,17
2941,plagiarism,397,17
2942,binary,398,17
2943,cumulative,398,17
2944,dearth,398,17
2945,embellish,398,17
2946,expound,398,17
2947,fortify,398,17
2948,fortitude,398,17
2949,reimburse,398,17
2950,slander,398,17
2951,chasm,399,18
2952,detrimental,399,18
2953,indiscriminate,399,18
2954,insatiable,399,18
2955,itinerary,399,18
2956,postulate,399,18
2957,raze,399,18
2958,unequivocal,399,18
2959,belated,400,18
2960,constrict,400,18
2961,esoteric,400,18
2962,haphazard,400,18
2963,intermittent,400,18
2964,ramification,400,18
2965,vicinity,400,18
2966,coerce,401,18
2967,detest,401,18
2968,dissertation,401,18
2969,dissuade,401,18
2970,retract,401,18
2971,synchronize,401,18
2972,tenacious,401,18
2973,tenuous,401,18
2974,animosity,402,18
2975,assent,402,18
2976,engender,402,18
2977,omnipotent,402,18
2978,sparse,402,18
2979,squat,402,18
2980,unilateral,402,18
2981,acquiesce,403,18
2982,belittle,403,18
2983,efficacy,403,18
2984,jubilant,403,18
2985,parity,403,18
2986,prognosis,403,18
2987,repercussion,403,18
2988,suffocate,403,18
2989,abate,404,18
2990,abrasive,404,18
2991,circumscribe,404,18
2992,combat,404,18
2993,combustion,404,18
2994,flux,404,18
2995,porous,404,18
2996,prerequisite,404,18
2997,exorbitant,405,18
2998,optimum,405,18
2999,secede,405,18
3000,abhor,406,18
3001,antipathy,406,18
3002,appraise,406,18
3003,frigid,406,18
3004,implausible,406,18
3005,inert,406,18
3006,onlooker,406,18
3007,pompous,406,18
3008,antisepsis,407,18
3009,cornerstone,407,18
3010,detour,407,18
3011,falsify,407,18
3012,inception,407,18
3013,ostentatious,407,18
3014,scrupulous,407,18
3015,shortcut,407,18
3016,arbitration,408,18
3017,caldera,408,18
3018,delineate,408,18
3019,inane,408,18
3020,inland,408,18
3021,outlandish,408,18
3022,regenerate,408,18
3023,renege,408,18
3024,standstill,408,18
3025,auxiliary,409,18
3026,carnivore,409,18
3027,circumference,409,18
3028,extrinsic,409,18
3029,intrinsic,409,18
3030,outgrowth,409,18
3031,protrude,409,18
3032,shudder,409,18
3033,deadlock,410,18
3034,detract,410,18
3035,dichotomy,410,18
3036,embitter,410,18
3037,enliven,410,18
3038,fallible,410,18
3039,forefather,410,18
3040,irreconcilable,410,18
3041,capitalism,411,18
3042,heterogeneous,411,18
3043,narcissistic,411,18
3044,ostensibly,411,18
3045,protract,411,18
3046,remit,411,18
3047,sketchy,411,18
3048,acclimate,412,18
3049,bemuse,412,18
3050,fruition,412,18
3051,inanimate,412,18
3052,stagnant,412,18
3053,trickery,412,18
3054,uninhabited,412,18
3055,barren,413,18
3056,Bona fide,413,18
3057,expedient,413,18
3058,inconsequential,413,18
3059,irreverence,413,18
3060,mountainous,413,18
3061,orchestrate,413,18
3062,commotion,414,18
3063,conciliation,414,18
3064,ethical,414,18
3065,expel,414,18
3066,grumpy,414,18
3067,preeminent,414,18
3068,unintentionally,414,18
3069,amenable,415,18
3070,eradicate,415,18
3071,erudite,415,18
3072,fad,415,18
3073,indecisive,415,18
3074,nepotism,415,18
3075,piracy,415,18
3076,recapitulate,415,18
3077,recuperate,415,18
3078,circumspect,416,18
3079,escalate,416,18
3080,flammable,416,18
3081,indebted,416,18
3082,inverse,416,18
3083,nullify,416,18
3084,zenith,416,18
3085,banal,417,18
3086,deviate,417,18
3087,invulnerable,417,18
3088,lucid,417,18
3089,maim,417,18
3090,oust,417,18
3091,profuse,417,18
3092,untangle,417,18
3093,avoidance,418,18
3094,disorganized,418,18
3095,docile,418,18
3096,ethnocentrism,418,18
3097,foreshadow,418,18
3098,fragrance,418,18
3099,frown,418,18
3100,menial,418,18
3101,abridge,419,18
3102,bathe,419,18
3103,indivisible,419,18
3104,succinct,419,18
3105,cogent,420,19
3106,disprove,420,19
3107,elongate,420,19
3108,impoverish,420,19
3109,insurmountable,420,19
3110,intoxicate,420,19
3111,miscellaneous,420,19
3112,atrophy,421,19
3113,bilateral,421,19
3114,candidate,421,19
3115,decompose,421,19
3116,inarticulate,421,19
3117,incongruous,421,19
3118,memoir,421,19
3119,oscillate,421,19
3120,abysmal,422,19
3121,dispassionate,422,19
3122,drug,422,19
3123,gestation,422,19
3124,liquidate,422,19
3125,paltry,422,19
3126,repulsive,422,19
3127,unwarranted,422,19
3128,unyielding,422,19
3129,disuse,423,19
3130,elapse,423,19
3131,ellipse,423,19
3132,fury,423,19
3133,slam,423,19
3134,subterranean,423,19
3135,tardy,423,19
3136,underdog,423,19
3137,expedite,424,19
3138,grade,424,19
3139,idiosyncrasy,424,19
3140,infallible,424,19
3141,malicious,424,19
3142,mall,424,19
3143,wholeheartedly,424,19
3144,cursory,425,19
3145,defy,425,19
3146,extant,425,19
3147,fallout,425,19
3148,forewarn,425,19
3149,nominal,425,19
3150,patriarch,425,19
3151,stratification,425,19
3152,uninteresting,425,19
3153,aggrandize,426,19
3154,bashful,426,19
3155,enumerate,426,19
3156,evict,426,19
3157,frail,426,19
3158,homogeneous,426,19
3159,immobility,426,19
3160,secluded,426,19
3161,antecedent,427,19
3162,bestial,427,19
3163,breakthrough,427,19
3164,equitable,427,19
3165,fluctuate,427,19
3166,parched,427,19
3167,streamline,427,19
3168,vacate,427,19
3169,auspicious,428,19
3170,balmy,428,19
3171,enthral,428,19
3172,incisive,428,19
3173,infertile,428,19
3174,snicker,428,19
3175,spiteful,428,19
3176,synopsis,428,19
3177,uncivilized,428,19
3178,alienate,429,19
3179,atonement,429,19
3180,countermeasure,429,19
3181,facetious,429,19
3182,foreboding,429,19
3183,inhospitable,429,19
3184,painstakingly,429,19
3185,amorphous,430,19
3186,connect,430,19
3187,deflation,430,19
3188,juxtapose,430,19
3189,lessen,430,19
3190,minuscule,430,19
3191,overland,430,19
3192,ungrateful,430,19
3193,audible,431,19
3194,depreciate,431,19
3195,expenditure,431,19
3196,extort,431,19
3197,gist,431,19
3198,glamour,431,19
3199,inconstant,431,19
3200,snobbish,431,19
3201,ameliorate,432,20
3202,commercialize,432,20
3203,discrete,432,20
3204,dissimilar,432,20
3205,formidable,432,20
3206,pernicious,432,20
3207,prodigious,432,20
3208,tuition,432,20
3209,ebb,433,20
3210,equivocal,433,20
3211,muse,433,20
3212,primordial,433,20
3213,terrestrial,433,20
3214,allure,434,20
3215,aspiration,434,20
3216,brittle,434,20
3217,collateral,434,20
3218,copious,434,20
3219,crevice,434,20
3220,indemnify,434,20
3221,innocuous,434,20
3222,airborne,435,20
3223,cardiac,435,20
3224,concession,435,20
3225,congenial,435,20
3226,female,435,20
3227,inexorable,435,20
3228,primate,435,20
3229,veterinarian,435,20
3230,adorn,436,20
3231,arable,436,20
3232,avert,436,20
3233,consonance,436,20
3234,gregarious,436,20
3235,hoard,436,20
3236,replicate,436,20
3237,tribute,436,20
3238,archetype,437,20
3239,compliance,437,20
3240,decipher,437,20
3241,deluge,437,20
3242,glossy,437,20
3243,pastoral,437,20
3244,posterity,437,20
3245,stringent,437,20
3246,destitute,438,20
3247,levy,438,20
3248,malignant,438,20
3249,placid,438,20
3250,saline,438,20
3251,seclusion,438,20
3252,taut,438,20
3253,treatise,438,20
3254,analogy,439,20
3255,curator,439,20
3256,euphonious,439,20
3257,fidelity,439,20
3258,molten,439,20
3259,quarry,439,20
3260,streak,439,20
3261,tract,439,20
3262,censure,440,20
3263,decoy,440,20
3264,deference,440,20
3265,deterrent,440,20
3266,galvanize,440,20
3267,irrevocable,440,20
3268,precipitous,440,20
3269,surveillance,440,20
3270,boulder,441,20
3271,fastidious,441,20
3272,inscrutable,441,20
3273,malleable,441,20
3274,nurture,441,20
3275,propagate,441,20
3276,scavenger,441,20
3277,viscosity,441,20
3278,artisan,442,20
3279,dissonance,442,20
3280,estuary,442,20
3281,plight,442,20
3282,pretentious,442,20
3283,rhetoric,442,20
3284,touchstone,442,20
3285,amnesia,443,20
3286,burgeon,443,20
3287,corrosive,443,20
3288,dissipate,443,20
3289,excrete,443,20
3290,molt,443,20
3291,precursor,443,20
3292,spawn,443,20
3293,animal kingdom,446,21
3294,botany,446,21
3295,cell,446,21
3296,fauna,446,21
3297,flora,446,21
3298,genotype,446,21
3299,phenotype,446,21
3300,plant kingdom,446,21
3301,zoology,446,21
3302,egg,447,21
3303,embryo,447,21
3304,fern,447,21
3305,fertilization,447,21
3306,fetus,447,21
3307,germinate,447,21
3308,hybrid,447,21
3309,progeny,447,21
3310,reproduction,447,21
3311,sexual,447,21
3312,sperm,447,21
3313,biennial,448,21
3314,bush,448,21
3315,congruence,448,21
3316,deciduous tree,448,21
3317,evergreen,448,21
3318,ferment,448,21
3319,flowering plants,448,21
3320,fungus,448,21
3321,grass,448,21
3322,lichen,448,21
3323,non-flowering plants,448,21
3324,perennial,448,21
3325,shrub,448,21
3326,alga,449,21
3327,leaf,449,21
3328,mold,449,21
3329,moss,449,21
3330,petal,449,21
3331,pistil,449,21
3332,pollen,449,21
3333,spore,449,21
3334,stamen,449,21
3335,starch,449,21
3336,stem,449,21
3337,bark,450,21
3338,carbon dioxide,450,21
3339,chlorophyll,450,21
3340,oxygen,450,21
3341,photosynthesis,450,21
3342,root,450,21
3343,sap,450,21
3344,trunk,450,21
3345,twig,450,21
3346,amoeba,451,21
3347,amphibian,451,21
3348,bacteria,451,21
3349,fossil,451,21
3350,invertebrate,451,21
3351,malnutrition,451,21
3352,mammal,451,21
3353,micro-organism,451,21
3354,protozoa,451,21
3355,reptile,451,21
3356,vertebrate,451,21
3357,arthropod,452,21
3358,bird,452,21
3359,cold-blooded,452,21
3360,crustacean,452,21
3361,herbivore,452,21
3362,insectivore,452,21
3363,omnivore,452,21
3364,parasite,452,21
3365,predator,452,21
3366,warm-blooded,452,21
3367,evolution,453,21
3368,food chain,453,21
3369,hibernation,453,21
3370,incubation,453,21
3371,metamorphosis,453,21
3372,mutation,453,21
3373,phylum,453,21
3374,anatomy,454,21
3375,beak,454,21
3376,circulatory system,454,21
3377,conductor,454,21
3378,digestive system,454,21
3379,nervous system,454,21
3380,nest,454,21
3381,respiratory system,454,21
3382,skeletal system,454,21
3383,wing,454,21
3384,antenna,455,21
3385,brood,455,21
3386,cocoon,455,21
3387,feather,455,21
3388,fin,455,21
3389,gill,455,21
3390,immune,455,21
3391,larva,455,21
3392,pupa,455,21
3393,ape,456,21
3394,human,456,21
3395,monkey,456,21
3396,reflex,456,21
3397,biodiversity,457,21
3398,biosphere,457,21
3399,ecology,457,21
3400,environmentalist,457,21
3401,global warming,457,21
3402,greenhouse effect,457,21
3403,naturalist,457,21
3404,ozone,457,21
3405,contamination,458,21
3406,deforestation,458,21
3407,emission,458,21
3408,endangered,458,21
3409,overpopulation,458,21
3410,radioactivity,458,21
3411,smog,458,21
3412,toxic,458,21
3413,tropical rain forest,458,21
3414,disposal,459,21
3415,incinerator,459,21
3416,landfill,459,21
3417,litter,459,21
3418,nuclear waste,459,21
3419,aquifer,460,21
3420,biodegradable,460,21
3421,groundwater,460,21
3422,recycle,460,21
3423,runoff,460,21
3424,seepage,460,21
3425,sew,460,21
3426,sewage,460,21
3427,sustainable,460,21
3428,water table,460,21
3429,watershed,460,21
3430,asteroid,461,22
3431,atom,461,22
3432,atomic,461,22
3433,electron,461,22
3434,molecule,461,22
3435,neutron,461,22
3436,nuclear,461,22
3437,nucleus,461,22
3438,particle,461,22
3439,photon,461,22
3440,proton,461,22
3441,absolute zero,462,22
3442,acceleration,462,22
3443,catch,462,22
3444,centrifugal force,462,22
3445,centripetal force,462,22
3446,entropy,462,22
3447,inertia,462,22
3448,velocity,462,22
3449,hatch,463,22
3450,magnetism,463,22
3451,mechanics,463,22
3452,quantum mechanics,463,22
3453,resistance,463,22
3454,resonance,463,22
3455,static electricity,463,22
3456,theory of relativity,463,22
3457,thermodynamics,463,22
3458,vacuum,463,22
3459,vibration,463,22
3460,concave lens,464,22
3461,convex lens,464,22
3462,opaque,464,22
3463,optics,464,22
3464,prism,464,22
3465,reflect,464,22
3466,reflection,464,22
3467,refract,464,22
3468,spectrum,464,22
3469,ultraviolet,464,22
3470,electrical,465,22
3471,fission,465,22
3472,fusion,465,22
3473,magma,465,22
3474,magnetic,465,22
3475,axiom,466,22
3476,equation,466,22
3477,geology,466,22
3478,logarithm,466,22
3479,set,466,22
3480,square root,466,22
3481,theorem,466,22
3482,addition,467,22
3483,area,467,22
3484,quadrant,467,22
3485,statistics,467,22
3486,Statistics,467,22
3487,subtraction,467,22
3488,vector,467,22
3489,Algebra,468,22
3490,calculus,468,22
3491,decimal,468,22
3492,even number,468,22
3493,Geometry,468,22
3494,imaginary number,468,22
3495,integer,468,22
3496,irrational number,468,22
3497,natural number,468,22
3498,odd number,468,22
3499,rational number,468,22
3500,real number,468,22
3501,Trigonometry,468,22
3502,diagonal,469,22
3503,diameter,469,22
3504,million,469,22
3505,prime number,469,22
3506,radius,469,22
3507,trillion,469,22
3508,circle,470,22
3509,oval,470,22
3510,perpendicular,470,22
3511,triangle,470,22
3512,alloy,471,22
3513,chemical formula,471,22
3514,chemical property,471,22
3515,chemical reaction,471,22
3516,isotope,471,22
3517,periodic table,471,22
3518,solvent,471,22
3519,Biochemistry,472,22
3520,enzyme,472,22
3521,Inorganic Chemistry,472,22
3522,Organic Chemistry,472,22
3523,synthesis,472,22
3524,Synthetic Chemistry,472,22
3525,acid rain,473,22
3526,acidity,473,22
3527,adhesion,473,22
3528,alkalinity,473,22
3529,catalyst,473,22
3530,density,473,22
3531,diffusion,473,22
3532,dilution,473,22
3533,distillation,473,22
3534,metallic,473,22
3535,stimulant,473,22
3536,amino acids,474,22
3537,capture,474,22
3538,carbohydrate,474,22
3539,carbon,474,22
3540,carbon monoxide,474,22
3541,hydrogen,474,22
3542,mineral,474,22
3543,nitrogen,474,22
3544,protein,474,22
3545,cell membrane,475,22
3546,DNA,475,22
3547,gene,475,22
3548,mitochondria,475,22
3549,vitamin,475,22
3550,arm,476,23
3551,face,476,23
3552,forehead,476,23
3553,head,476,23
3554,neck,476,23
3555,nerve,476,23
3556,shoulder,476,23
3557,skull,476,23
3558,throat,476,23
3559,tissue,476,23
3560,abdomen,477,23
3561,back,477,23
3562,breast,477,23
3563,buttock,477,23
3564,elbow,477,23
3565,finger,477,23
3566,hand,477,23
3567,hip,477,23
3568,leg,477,23
3569,palm,477,23
3570,spine,477,23
3571,thigh,477,23
3572,vertebrae,477,23
3573,waist,477,23
3574,wrist,477,23
3575,ankle,478,23
3576,heart,478,23
3577,heel,478,23
3578,kidney,478,23
3579,knee,478,23
3580,ligament,478,23
3581,liver,478,23
3582,lungs,478,23
3583,shin,478,23
3584,stomach,478,23
3585,toe,478,23
3586,cartilage,479,23
3587,cough,479,23
3588,digestion,479,23
3589,exhale,479,23
3590,inhale,479,23
3591,snore,479,23
3592,sweat,479,23
3593,tendon,479,23
3594,constipation,480,23
3595,cramp,480,23
3596,dehydration,480,23
3597,headache,480,23
3598,itchy,480,23
3599,nausea,480,23
3600,rash,480,23
3601,stomachache,480,23
3602,toothache,480,23
3603,vomiting,480,23
3604,abrasion,481,23
3605,congestion,481,23
3606,cut,481,23
3607,dizziness,481,23
3608,jet lag,481,23
3609,sprain,481,23
3610,wound,481,23
3611,combine,482,23
3612,come down with,482,23
3613,contagious,482,23
3614,dislocation,482,23
3615,epidemic,482,23
3616,exposure,482,23
3617,fracture,482,23
3618,infectious,482,23
3619,quarantine,482,23
3620,transmissible,482,23
3621,allergy,483,23
3622,asthma,483,23
3623,bronchitis,483,23
3624,cancel,483,23
3625,diabetes,483,23
3626,diarrhea,483,23
3627,flu (influenza),483,23
3628,hay fever,483,23
3629,pneumonia,483,23
3630,sinus infection,483,23
3631,tuberculosis,483,23
3632,tumor,483,23
3633,ulcer,483,23
3634,addiction,484,23
3635,antibody,484,23
3636,infection,484,23
3637,microbe,484,23
3638,virus,484,23
3639,white blood cell,484,23
3640,antibiotic,485,23
3641,aspirin,485,23
3642,nurse,485,23
3643,specialist,485,23
3644,surgeon,485,23
3645,therapist,485,23
3646,blood pressure,486,23
3647,check-up,486,23
3648,clinic,486,23
3649,diagnose,486,23
3650,fill a prescription,486,23
3651,heart attack,486,23
3652,heart rate,486,23
3653,ointment,486,23
3654,physical examination,486,23
3655,pulse,486,23
3656,referral,486,23
3657,symptom,486,23
3658,treat,486,23
3659,bandage,487,23
3660,convalesce,487,23
3661,cure,487,23
3662,injection,487,23
3663,medication,487,23
3664,obesity,487,23
3665,outpatient,487,23
3666,patient,487,23
3667,shot,487,23
3668,temperature,487,23
3669,transplantation,487,23
3670,aerobic activity,488,23
3671,calorie,488,23
3672,hygiene,488,23
3673,immunization,488,23
3674,inoculation,488,23
3675,intake,488,23
3676,lose weight,488,23
3677,resistant,488,23
3678,sanitary,488,23
3679,vaccination,488,23
3680,chromosome,489,23
3681,congenital,489,23
3682,hereditary,489,23
3683,Earth,490,23
3684,lunar,490,23
3685,Mars,490,23
3686,Mercury,490,23
3687,Moon,490,23
3688,Neptune,490,23
3689,Pluto,490,23
3690,Saturn,490,23
3691,Solar System,490,23
3692,Uranus,490,23
3693,Venus,490,23
3694,black hole,491,23
3695,comet,491,23
3696,constellation,491,23
3697,cosmos,491,23
3698,galaxy,491,23
3699,interstellar cloud,491,23
3700,nebula,491,23
3701,quasar,491,23
3702,star,491,23
3703,super cluster,491,23
3704,the Milky Way,491,23
3705,universe,491,23
3706,astronaut,492,24
3707,Big Bang theory,492,24
3708,celestial,492,24
3709,crater,492,24
3710,light year,492,24
3711,meteor,492,24
3712,pulsar,492,24
3713,rocket,492,24
3714,shooting star,492,24
3715,spacecraft,492,24
3716,supernova,492,24
3717,avalanche,493,24
3718,elliptical,493,24
3719,magnetic field,493,24
3720,magnetic pole,493,24
3721,magnitude,493,24
3722,optometry,493,24
3723,satellite,493,24
3724,telescope,493,24
3725,wane,493,24
3726,wax,493,24
3727,appellation,494,24
3728,apogee,494,24
3729,eclipse,494,24
3730,perigee,494,24
3731,perihelion,494,24
3732,clay,495,24
3733,loam,495,24
3734,plateau,495,24
3735,prairie,495,24
3736,sediment,495,24
3737,topography,495,24
3738,Antarctic,496,24
3739,archipelago,496,24
3740,Arctic,496,24
3741,bay,496,24
3742,marsh,496,24
3743,savannah,496,24
3744,strait,496,24
3745,tundra,496,24
3746,equator,497,24
3747,geyser,497,24
3748,glacier,497,24
3749,hemisphere,497,24
3750,iceberg,497,24
3751,latitude,497,24
3752,longitude,497,24
3753,Northern Hemisphere,497,24
3754,Southern Hemisphere,497,24
3755,tropics,497,24
3756,active volcano,498,24
3757,cinder cone volcano,498,24
3758,composite volcano,498,24
3759,extinct volcano,498,24
3760,mantle,498,24
3761,shield volcano,498,24
3762,ash,499,24
3763,cinder,499,24
3764,epicenter,499,24
3765,fissure,499,24
3766,lava,499,24
3767,shock waves,499,24
3768,tectonic plate,499,24
3769,tremor,499,24
3770,vent,499,24
3771,Richter scale,500,24
3772,seismic waves,500,24
3773,seismograph,500,24
3774,tsunami,500,24
3775,blizzard,501,24
3776,cyclone,501,24
3777,hurricane,501,24
3778,rainstorm,501,24
3779,squall,501,24
3780,tempest,501,24
3781,thunderstorm,501,24
3782,torment,501,24
3783,tornado,501,24
3784,twister,501,24
3785,typhoon,501,24
3786,arid,502,24
3787,drizzle,502,24
3788,drought,502,24
3789,gale,502,24
3790,shower,502,24
3791,wind,502,24
3792,chilly,503,24
3793,flurries,503,24
3794,frost,503,24
3795,hail,503,24
3796,icicle,503,24
3797,moist,503,24
3798,scorching,503,24
3799,sleet,503,24
3800,sultry,503,24
3801,sweltering,503,24
3802,cloudy,504,24
3803,condensation,504,24
3804,dew,504,24
3805,evaporation,504,24
3806,freezing,504,24
3807,hazy,504,24
3808,misty,504,24
3809,smoky,504,24
3810,barometer,505,24
3811,Centigrade,505,24
3812,climate,505,24
3813,cold front,505,24
3814,cold spell,505,24
3815,Fahrenheit,505,24
3816,high pressure system,505,24
3817,Kelvin,505,24
3818,low pressure system,505,24
3819,thermometer,505,24
3820,warm front,505,24
3821,weather forecast,505,24
3822,dry spell,506,24
3823,hot spell,506,24
3824,anthropology,507,25
3825,archaeology,507,25
3826,Australopithecus,507,25
3827,bipedal,507,25
3828,Cro-Magnon,507,25
3829,Homo erectus,507,25
3830,Homo sapiens,507,25
3831,Neanderthal,507,25
3832,Bering Strait,508,25
3833,Bronze Age,508,25
3834,Ice Age,508,25
3835,Iron Age,508,25
3836,land bridge,508,25
3837,Mesolithic Age,508,25
3838,migration,508,25
3839,Neolithic Age,508,25
3840,New World,508,25
3841,Old World,508,25
3842,Paleolithic Age,508,25
3843,Stone Age,508,25
3844,temple,508,25
3845,burial,509,25
3846,excavation,509,25
3847,mound,509,25
3848,radiocarbon dating,509,25
3849,relic,509,25
3850,artifact,510,25
3851,ax,510,25
3852,bow-and-arrow,510,25
3853,chipped stone tools,510,25
3854,earthenware,510,25
3855,petroglyphic,510,25
3856,pictograph,510,25
3857,scraper,510,25
3858,stoneware,510,25
3859,cultivation,511,25
3860,domestication,511,25
3861,forage,511,25
3862,hunter-gatherer,511,25
3863,hunting,511,25
3864,husbandry,511,25
3865,irrigation,511,25
3866,nomad,511,25
3867,pelt,511,25
3868,slash-and-burn,511,25
3869,spear,511,25
3870,camp,512,25
3871,cliff-dwelling,512,25
3872,longhouse,512,25
3873,medicine man,512,25
3874,reservation,512,25
3875,teepee,512,25
3876,wigwam,512,25
3877,ambush,513,25
3878,Apache,513,25
3879,capricious,513,25
3880,Cherokee,513,25
3881,iroquois,513,25
3882,kinship,513,25
3883,Navaho,513,25
3884,Pueblo,513,25
3885,Sioux,513,25
3886,emigrate,514,25
3887,explorer,514,25
3888,historian,514,25
3889,Jamestown Colony,514,25
3890,Pilgrims,514,25
3891,Plymouth Colony,514,25
3892,Puritans,514,25
3893,settlement,514,25
3894,abolition,515,25
3895,Continental Congress,515,25
3896,Declaration of Independence,515,25
3897,plantation,515,25
3898,Republic,515,25
3899,slavery,515,25
3900,The American Revolution,515,25
3901,The Civil War,515,25
3902,The Union,515,25
3903,U.S. Constitution,515,25
3904,Emancipation,516,25
3905,homestead,516,25
3906,land grant,516,25
3907,Manifest Destiny,516,25
3908,plot of land,516,25
3909,Reconstruction,516,25
3910,stagecoach,516,25
3911,steamboat,516,25
3912,The Confederation,516,25
3913,Civil Rights movement,517,25
3914,ethnic diversity,517,25
3915,industrialization,517,25
3916,integration,517,25
3917,melting pot,517,25
3918,race,517,25
3919,segregation,517,25
3920,The Cold War,517,25
3921,The Great Depression,517,25
3922,The New Deal,517,25
3923,women's suffrage,517,25
3924,confederation,518,25
3925,dictatorship,518,25
3926,Empire,518,25
3927,federal government,518,25
3928,imperial,518,25
3929,local government,518,25
3930,oligarchy,518,25
3931,state government,518,25
3932,administration,519,25
3933,attorney,519,25
3934,Attorney General,519,25
3935,Congress,519,25
3936,executive branch,519,25
3937,House of Representatives,519,25
3938,judicial,519,25
3939,judicial branch,519,25
3940,Justice Department,519,25
3941,legislative branch,519,25
3942,legislature,519,25
3943,Secretary of State,519,25
3944,Senate,519,25
3945,State Department,519,25
3946,Supreme Court,519,25
3947,Agriculture,520,25
3948,ambassador,520,25
3949,Commerce,520,25
3950,Defense,520,25
3951,Education,520,25
3952,Energy,520,25
3953,Health and Human Services,520,25
3954,Housing and Urban Development,520,25
3955,Justice,520,25
3956,The Treasury,520,25
3957,transportation,520,25
3958,conservative,521,25
3959,Democratic Party,521,25
3960,Labor,521,25
3961,partisan,521,25
3962,president,521,25
3963,Republican Party,521,25
3964,State,521,25
3965,The Interior,521,25
3966,city,522,25
3967,city council,522,25
3968,Commissioner,522,25
3969,county,522,25
3970,county board,522,25
3971,governor,522,25
3972,lieutenant governor,522,25
3973,mayor,522,25
3974,municipal,522,25
3975,vice president,522,25
3976,election,523,25
3977,incumbent,523,25
3978,nominee,523,25
3979,poll,523,25
3980,precinct,523,25
3981,run for office,523,25
3982,running mate,523,25
3983,term of office,523,25
3984,township,523,25
3985,village,523,25
3986,ward,523,25
3987,act,524,26
3988,amend,524,26
3989,appoint,524,26
3990,cast a ballot,524,26
3991,constituent,524,26
3992,inaugurate,524,26
3993,pass a bill,524,26
3994,ratify,524,26
3995,regret,524,26
3996,repeal,524,26
3997,veto,524,26
3998,treaty,525,26
3999,consume,526,26
4000,economist,526,26
4001,employer,526,26
4002,fiscal,526,26
4003,buying power,527,26
4004,consumer spending,527,26
4005,downswing,527,26
4006,downturn,527,26
4007,equilibrium,527,26
4008,expand,527,26
4009,fluctuation,527,26
4010,hike,527,26
4011,slowdown,527,26
4012,slump,527,26
4013,upswing,527,26
4014,upturn,527,26
4015,cartel,528,26
4016,central bank,528,26
4017,contraction,528,26
4018,deregulate,528,26
4019,Federal Reserve Bank,528,26
4020,fiscal policy,528,26
4021,liberalize,528,26
4022,monetary policy,528,26
4023,money supply,528,26
4024,remuneration,528,26
4025,subsistence wages,528,26
4026,cost of living,529,26
4027,CPI (Consumer Price Index),529,26
4028,factory inventory,529,26
4029,Federal Reserve Board,529,26
4030,GDP,529,26
4031,GNP,529,26
4032,housing starts,529,26
4033,interest rate,529,26
4034,jobless rate,529,26
4035,leading economic indicators,529,26
4036,recession,529,26
4037,standard of living,529,26
4038,supply and demand,529,26
4039,unemployment rate,529,26
4040,embargo,530,26
4041,exchange rate,530,26
4042,tariff,530,26
4043,trade balance,530,26
4044,trade deficit,530,26
4045,trade surplus,530,26
4046,white collar,530,26
4047,appreciation,531,26
4048,depreciation,531,26
4049,installment,531,26
4050,invest,531,26
4051,blue chip stock,532,26
4052,bond fund,532,26
4053,bond rating,532,26
4054,common stock,532,26
4055,equity,532,26
4056,junk bond,532,26
4057,valuation,532,26
4058,cash,533,26
4059,checking account,533,26
4060,futures,533,26
4061,initial public offering (IPO),533,26
4062,mortgage,533,26
4063,mutual fund,533,26
4064,real estate,533,26
4065,realtor,533,26
4066,savings account,533,26
4067,treasury bill,533,26
4068,treasury note,533,26
4069,capital,534,26
4070,causal,534,26
4071,cost basis,534,26
4072,diversify,534,26
4073,portfolio,534,26
4074,rate of return,534,26
4075,risk,534,26
4076,short-term,534,26
4077,speculative,534,26
4078,book value,535,26
4079,business climate,536,26
4080,business cycle,536,26
4081,down payment,536,26
4082,earnings,536,26
4083,meter,536,26
4084,price level,536,26
4085,revenue,536,26
4086,bankrupt,537,26
4087,brand name,537,26
4088,cash flow,537,26
4089,commerce,537,26
4090,compete,537,26
4091,competitive,537,26
4092,competitive advantage,537,26
4093,consumer demand,537,26
4094,inventory,537,26
4095,liability,537,26
4096,beneficiary,538,26
4097,conglomerate,538,26
4098,dry goods,538,26
4099,entrepreneur,538,26
4100,inventor,538,26
4101,subcontractor,538,26
4102,subsidiary,538,26
4103,competitor,539,26
4104,dealer,539,26
4105,distributor,539,26
4106,import,539,26
4107,manufacturer,539,26
4108,producer,539,26
4109,proprietor,539,26
4110,vendor,539,26
4111,wholesaler,539,26
4112,joint venture,540,26
4113,lay off,540,26
4114,spin off,540,26
4115,subsidize,540,26
4116,take over,540,26
4117,arbitrator,541,27
4118,attest,541,27
4119,defense attorney,541,27
4120,investigator,541,27
4121,judge,541,27
4122,jury,541,27
4123,lawyer,541,27
4124,plaintiff,541,27
4125,prosecuting attorney,541,27
4126,suspect,541,27
4127,witness,541,27
4128,accuse,542,27
4129,arrest,542,27
4130,break law,542,27
4131,convict,542,27
4132,indict,542,27
4133,mediator,542,27
4134,prosecute,542,27
4135,publicize,542,27
4136,sue,542,27
4137,violate,542,27
4138,case,543,27
4139,lawsuit,543,27
4140,litigation,543,27
4141,mediation,543,27
4142,damages,544,27
4143,evidence,544,27
4144,final,544,27
4145,finding,544,27
4146,fine,544,27
4147,guilty,544,27
4148,punitive,544,27
4149,rights,544,27
4150,ruling,544,27
4151,testimony,544,27
4152,verdict,544,27
4153,capital gain,545,27
4154,execute,545,27
4155,jail,545,27
4156,kidnapping,545,27
4157,penalize,545,27
4158,probation,545,27
4159,rape,545,27
4160,robbery,545,27
4161,feign,546,27
4162,misdemeanor,546,27
4163,acculturation,547,27
4164,adaptation,547,27
4165,affiliation,547,27
4166,assimilation,547,27
4167,clasp,547,27
4168,ethnic group,547,27
4169,kinetic,547,27
4170,lower class,547,27
4171,middle class,547,27
4172,upper class,547,27
4173,capital punishment,548,27
4174,communism,548,27
4175,demographics,548,27
4176,extended family,548,27
4177,marital status,548,27
4178,nuclear family,548,27
4179,single parent household,548,27
4180,socialism,548,27
4181,generation gap,549,27
4182,literacy,549,27
4183,mores,549,27
4184,mortality,549,27
4185,norm,549,27
4186,peer group,549,27
4187,per capita,549,27
4188,population explosion,549,27
4189,poverty line,549,27
4190,sexual harassment,549,27
4191,socialize,549,27
4192,blue collar,550,27
4193,industrialized,550,27
4194,metropolitan,550,27
4195,social capital,550,27
4196,social mobility,550,27
4197,social outcast,550,27
4198,social role,550,27
4199,status,550,27
4200,status quo,550,27
4201,subculture,550,27
4202,urbanization,550,27
4203,workforce,550,27
4204,extravert,551,27
4205,impetus,551,27
4206,introvert,551,27
4207,motivation,551,27
4208,personality,551,27
4209,repressed memory,551,27
4210,repression,551,27
4211,response,551,27
4212,stimulus,551,27
4213,subconscious,551,27
4214,counseling,552,27
4215,empathetic,552,27
4216,obsession,552,27
4217,psychiatry,552,27
4218,psychotherapy,552,27
4219,sympathetic,552,27
4220,compulsion,553,27
4221,hallucination,553,27
4222,neurosis,553,27
4223,phobia,553,27
4224,psychosis,553,27
4225,schizophrenia,553,27
4226,author,554,27
4227,biographer,554,27
4228,critic,554,27
4229,novelist,554,27
4230,playwright,554,27
4231,poet,554,27
4232,poetry,554,27
4233,prose,554,27
4234,screen writer,554,27
4235,autobiography,555,27
4236,biography,555,27
4237,criticism,555,27
4238,diary,555,27
4239,novel,555,27
4240,novella,555,27
4241,review,555,27
4242,elegy,556,27
4243,epic,556,27
4244,free verse,556,27
4245,genre,556,27
4246,lyric,556,27
4247,ode,556,27
4248,rhyme,556,27
4249,theme,556,27
4250,verse,556,27
4251,character,557,28
4252,climax,557,28
4253,comedy,557,28
4254,imagery,557,28
4255,metaphor,557,28
4256,motif,557,28
4257,motive,557,28
4258,protagonist,557,28
4259,tragedy,557,28
4260,allegory,558,28
4261,fable,558,28
4262,fairy tale,558,28
4263,fantasy,558,28
4264,manuscript,558,28
4265,parody,558,28
4266,publisher,558,28
4267,satire,558,28
4268,text,558,28
4269,title,558,28
4270,anthology,559,28
4271,classic,559,28
4272,architect,560,28
4273,carver,560,28
4274,engraving,560,28
4275,paint,560,28
4276,painter,560,28
4277,painting,560,28
4278,print-maker,560,28
4279,sculptor,560,28
4280,sculpture,560,28
4281,fresco,561,28
4282,mural,561,28
4283,Neoclassicism,561,28
4284,oil painting,561,28
4285,portrait,561,28
4286,tempera,561,28
4287,water color,561,28
4288,woodcarving,561,28
4289,Abstract Expressionism,562,28
4290,American Scene Painters,562,28
4291,Ashcan School,562,28
4292,Avant-garde,562,28
4293,Cubism,562,28
4294,Hudson River School,562,28
4295,Impressionism,562,28
4296,Pop Art,562,28
4297,Realism,562,28
4298,Romanticism,562,28
4299,Symbolism,562,28
4300,abstraction,563,28
4301,brushstroke,563,28
4302,bust,563,28
4303,canine,563,28
4304,ease,563,28
4305,mask,563,28
4306,relief,563,28
4307,sketch,563,28
4308,torso,563,28
4309,bronze,564,28
4310,carve,564,28
4311,chisel,564,28
4312,mosaic,564,28
4313,studio,564,28
4314,symmetry,564,28
4315,workshop,564,28
4316,illustrate,565,28
4317,illustration,565,28
4318,classical,566,28
4319,country & western,566,28
4320,duo,566,28
4321,ensemble,566,28
4322,jazz,566,28
4323,orchestra,566,28
4324,quartet,566,28
4325,quintet,566,28
4326,rock & roll,566,28
4327,solo,566,28
4328,concerto,567,28
4329,lullaby,567,28
4330,march,567,28
4331,opera,567,28
4332,overture,567,28
4333,pop,567,28
4334,requiem,567,28
4335,rhythm & blues,567,28
4336,serenade,567,28
4337,sonata,567,28
4338,soul,567,28
4339,suite,567,28
4340,sulfur,567,28
4341,symphony,567,28
4342,baritone,568,28
4343,bass,568,28
4344,big band,568,28
4345,bop,568,28
4346,chant,568,28
4347,cool,568,28
4348,dixieland,568,28
4349,drawing,568,28
4350,libretto,568,28
4351,ragtime,568,28
4352,soprano,568,28
4353,spiritual,568,28
4354,swing,568,28
4355,tenor,568,28
4356,arrangement,569,28
4357,brass,569,28
4358,percussion,569,28
4359,pitch,569,28
4360,score,569,28
4361,string,569,28
4362,tonality,569,28
4363,tune,569,28
4364,cacophony,570,28
4365,choir,570,28
4366,chord,570,28
4367,harmony,570,28
4368,hymn,570,28
4369,improvisation,570,28
4370,instrumental,570,28
4371,melody,570,28
4372,note,570,28
4373,octave,570,28
4374,phrasing,570,28
4375,repertoire,570,28
4376,synchronous,570,28
4377,syncopation,570,28
4378,choreographer,571,28
4379,film,571,28
4380,grand finale,571,28
4381,lead role,571,28
4382,lighting,571,28
4383,performance,571,28
4384,prop,571,28
4385,scene,571,28
4386,cinema,572,28
4387,documentary,572,28
4388,motion picture,572,28
4389,movie,572,28
4390,silent picture,572,28
4391,talking picture,572,28
4392,White House,579,28
4393,allowance,581,28
4394,party,621,28